factor,factor_level,step_index,structural_seed_count,measurements_per_seed,observation_count,bootstrap_repetitions,bootstrap_seed,confidence_level,point_median_ms,median_ci_lower_ms,median_ci_upper_ms,median_relative_half_width,point_p95_ms,p95_ci_lower_ms,p95_ci_upper_ms,p95_relative_half_width,maximum_leave_one_seed_out_median_relative_change,maximum_leave_one_seed_out_p95_relative_change,median_precision_target,p95_precision_target,median_target_met,p95_target_met,all_cell_targets_met
objective_count,1,1,30,100,3000,10000,20270828,0.95,0.5152855000000001,0.491854,0.5283295,0.035393485747221676,0.8907816499999999,0.8191208,0.9476903499999998,0.07216670325438329,0.004810925205541626,0.03482621133922286,0.1,0.15,True,True,True
objective_count,1,2,30,100,3000,10000,20270928,0.95,0.465758,0.458448625,0.471722,0.014249218478265512,0.8516578499999992,0.7880522,0.9039363499999997,0.06803445186350356,0.0021803168168877452,0.02754727147762358,0.1,0.15,True,True,True
objective_count,1,3,30,100,3000,10000,20271028,0.95,0.44917300000000004,0.43793655000000004,0.4554187875,0.019460472356975976,0.84189925,0.781883,0.8732909999999999,0.05428678075197236,0.0024433792770270795,0.0271739165939399,0.1,0.15,True,True,True
objective_count,1,4,30,100,3000,10000,20271128,0.95,0.444983,0.436453975,0.4499957625,0.015216072861210442,0.80857065,0.773708,0.846895,0.04525702237646148,0.001825912450587986,0.01057897661756593,0.1,0.15,True,True,True
objective_count,1,5,30,100,3000,10000,20271228,0.95,0.44143750000000004,0.433871,0.44702299999999995,0.01489678606824289,0.8331025,0.77822245,0.863864,0.051399167569416704,0.0024510831091603493,0.026848737100176906,0.1,0.15,True,True,True
objective_count,1,6,30,100,3000,10000,20271328,0.95,0.43495799999999996,0.421301,0.4434619375,0.02547480159003862,0.7979107499999999,0.7418471999999998,0.8653970274999999,0.07742083152783699,0.003945208502889796,0.021833080955483693,0.1,0.15,True,True,True
objective_count,1,7,30,100,3000,10000,20271428,0.95,0.434556,0.4207,0.4417370125,0.024205180114875883,0.78571775,0.744101,0.839858,0.0609360040548912,0.002944384613260406,0.014113401409093918,0.1,0.15,True,True,True
objective_count,1,8,30,100,3000,10000,20271528,0.95,0.43753,0.4296189625,0.4430385,0.015335562704271733,0.8311151999999997,0.777403,0.8581972999999996,0.0486059573931506,0.0020387173450963454,0.0119264453351356,0.1,0.15,True,True,True
objective_count,1,9,30,100,3000,10000,20271628,0.95,0.4350945,0.421126,0.44175,0.023700598375755125,0.7978265999999999,0.7503795499999999,0.8395760125,0.055899654448723655,0.00234661665454285,0.017603699851572063,0.1,0.15,True,True,True
objective_count,1,10,30,100,3000,10000,20271728,0.95,0.43554000000000004,0.41895499999999997,0.44386607499999997,0.02859791867566699,0.80244805,0.754754,0.84788455,0.058029021317953185,0.005122376819580379,0.020542202077754822,0.1,0.15,True,True,True
objective_count,1,11,30,100,3000,10000,20271828,0.95,0.4344945,0.416558,0.4420833,0.02937355938912924,0.7978616499999996,0.7419384499999981,0.851152,0.06844140835695131,0.0033625281792981168,0.018376870225558346,0.1,0.15,True,True,True
objective_count,1,12,30,100,3000,10000,20271928,0.95,0.413906,0.32342395000000007,0.4374265,0.13771550786893633,0.8330069499999998,0.726238,0.8858573749999991,0.09580914961153628,0.005959082496992163,0.03952650094936188,0.1,0.15,False,True,False
objective_count,1,13,30,100,3000,10000,20272028,0.95,0.41313900000000003,0.3958305875,0.4302587625,0.04166657589818439,0.7623812999999999,0.7087275999999999,0.8262697499999991,0.0770888202530671,0.003982921002374557,0.025497018355513323,0.1,0.15,True,True,True
objective_count,1,14,30,100,3000,10000,20272128,0.95,0.429546,0.4172245,0.437751,0.023893250082645402,0.8002512999999994,0.7588924999999999,0.84301,0.05255692805497488,0.0034908950380168526,0.017291505805738756,0.1,0.15,True,True,True
objective_count,1,15,30,100,3000,10000,20272228,0.95,0.4346915,0.420666,0.4430015,0.025691208592760622,0.7993347999999999,0.7387562162499997,0.853022,0.07147554676088187,0.0042236850732071006,0.01669650814652387,0.1,0.15,True,True,True
objective_count,1,16,30,100,3000,10000,20272328,0.95,0.4364845,0.426081,0.443952,0.02047151731619339,0.8078713999999999,0.755754,0.85177335,0.059427372970499985,0.00329679518974906,0.015583111371438911,0.1,0.15,True,True,True
objective_count,1,17,30,100,3000,10000,20272428,0.95,0.4248815,0.410131675,0.44194900000000004,0.037442586933062585,0.7818840499999998,0.7209960724999982,0.8544576999999998,0.08534617600909086,0.005229693455704581,0.024887705536389762,0.1,0.15,True,True,True
objective_count,1,18,30,100,3000,10000,20272528,0.95,0.4166095,0.29657952500000007,0.437497,0.16912417383665032,0.7885826999999997,0.684843,0.8443185499999998,0.1011152983701011,0.006477288684007427,0.029528735540356635,0.1,0.15,False,True,False
objective_count,1,19,30,100,3000,10000,20272628,0.95,0.439941,0.42315,0.4500665,0.030591033797713732,0.8179986499999999,0.7633485999999999,0.883032,0.07315623320405243,0.0037095883311626383,0.022875160001792284,0.1,0.15,True,True,True
objective_count,1,20,30,100,3000,10000,20272728,0.95,0.475101,0.45485359999999997,0.4928790875,0.04001831978884491,0.8762970999999997,0.8222781999999997,0.956212,0.07642031452574718,0.004371702017044787,0.029537756087518904,0.1,0.15,True,True,True
objective_count,1,21,30,100,3000,10000,20272828,0.95,0.4293855,0.416009975,0.442339,0.030658959140446064,0.76018985,0.7193054999999984,0.80881,0.058869833634322834,0.003650565750357066,0.010753037547133781,0.1,0.15,True,True,True
objective_count,1,22,30,100,3000,10000,20272928,0.95,0.430071,0.4185964,0.442838,0.028183253462800366,0.7848554999999997,0.7410420612499998,0.8425311999999996,0.06465466493513762,0.004579476412034322,0.013139361321925933,0.1,0.15,True,True,True
objective_count,1,23,30,100,3000,10000,20273028,0.95,0.4263015,0.414667,0.44308708750000003,0.03333331867234812,0.7608103999999998,0.7211390499999997,0.825483,0.06857421375943358,0.0033098640281584643,0.017570409132156992,0.1,0.15,True,True,True
objective_count,1,24,30,100,3000,10000,20273128,0.95,0.4324985,0.41330685,0.4425661,0.03382583985840415,0.7840342499999997,0.7325105725000001,0.8429355499999993,0.07042101636503717,0.004578050559712881,0.014097981051210939,0.1,0.15,True,True,True
objective_count,1,25,30,100,3000,10000,20273228,0.95,0.4259965,0.41190329999999997,0.44083306250000004,0.033955399281449576,0.76437295,0.7136952999999999,0.822942,0.07146164709256131,0.004333368936129791,0.009203622394016068,0.1,0.15,True,True,True
objective_count,1,26,30,100,3000,10000,20273328,0.95,0.428772,0.4108932375,0.4416974625,0.035921451260809964,0.7782011999999998,0.7231984562499993,0.846754,0.07938534645667515,0.005139094903585051,0.010412924061283694,0.1,0.15,True,True,True
objective_count,1,27,30,100,3000,10000,20273428,0.95,0.4246445,0.3092409625000001,0.4439039875,0.1585597187765294,0.79256725,0.678407,0.8637976999999998,0.11695581668306368,0.007933695126158626,0.026174939729089408,0.1,0.15,False,True,False
objective_count,1,28,30,100,3000,10000,20273528,0.95,0.43633500000000003,0.4195453,0.448714,0.03342466224345972,0.79474865,0.7295548099999993,0.862159999999999,0.08342586678190628,0.005053456633091575,0.02361834776315897,0.1,0.15,True,True,True
objective_count,1,29,30,100,3000,10000,20273628,0.95,0.42532000000000003,0.40929416249999995,0.4435745,0.040299465696416854,0.7782166999999999,0.73981785,0.8307747999999998,0.058439346007352344,0.006663218282704794,0.01714638095019037,0.1,0.15,True,True,True
objective_count,1,30,30,100,3000,10000,20273728,0.95,0.43367,0.415904825,0.44678260000000003,0.03560054303963849,0.7720140999999998,0.7197125999999999,0.850569,0.08475000650894855,0.004242857472271562,0.01558216359001734,0.1,0.15,True,True,True
objective_count,1,31,30,100,3000,10000,20273828,0.95,0.436175,0.415374,0.4469775,0.03622800481458131,0.7520783,0.697545,0.8266714999999992,0.08584644710530756,0.005308649051412782,0.0072795611839884256,0.1,0.15,True,True,True
objective_count,1,32,30,100,3000,10000,20273928,0.95,0.432929,0.4171590875,0.4448202125,0.03194649122604394,0.78725085,0.7365810499999996,0.84393075,0.06818011057085574,0.004740962143908152,0.021387846072189496,0.1,0.15,True,True,True
objective_count,2,1,30,100,3000,10000,20280828,0.95,0.520797,0.497791,0.5329063625,0.033713099825843876,0.8778820499999999,0.8026875499999994,0.93866005,0.0774434902729818,0.004888661032993542,0.029247607921815803,0.1,0.15,True,True,True
objective_count,2,2,30,100,3000,10000,20280928,0.95,0.467873,0.461027875,0.473754,0.013599977985479001,0.8881811499999999,0.832146,0.922734,0.05099635361547586,0.002237786749823179,0.010608083722560408,0.1,0.15,True,True,True
objective_count,2,3,30,100,3000,10000,20281028,0.95,0.449469,0.438104,0.455324,0.019155937339393834,0.83836945,0.784393,0.8696438499999997,0.05084324697184497,0.00289118938124767,0.022426031864591994,0.1,0.15,True,True,True
objective_count,2,4,30,100,3000,10000,20281128,0.95,0.4481215,0.439114,0.4547065,0.017397625420784327,0.8777048499999998,0.8092039499999993,0.8999065499999999,0.05167033086350186,0.002550647536438108,0.009819417085367472,0.1,0.15,True,True,True
objective_count,2,5,30,100,3000,10000,20281228,0.95,0.44232000000000005,0.43540597499999995,0.447997,0.014232936561765275,0.8212405999999999,0.7675479999999993,0.854619,0.05301187009020297,0.0019804666304938582,0.018896532879646214,0.1,0.15,True,True,True
objective_count,2,6,30,100,3000,10000,20281328,0.95,0.43550849999999997,0.4215180375,0.443257,0.024958138015675948,0.7911224,0.74427728875,0.853241,0.06886653143053467,0.00369108754478956,0.017435923948051737,0.1,0.15,True,True,True
objective_count,2,7,30,100,3000,10000,20281428,0.95,0.43317399999999995,0.4212009375,0.4404785,0.02225152306001747,0.7938165499999998,0.75345,0.8347426999999992,0.05120370695219143,0.003619792508322195,0.01177375301636124,0.1,0.15,True,True,True
objective_count,2,8,30,100,3000,10000,20281528,0.95,0.49254699999999996,0.478823325,0.5063250625000001,0.02791788144075598,0.9562774999999992,0.901284,0.98802,0.045350852655217815,0.003566157138303654,0.01523522199361542,0.1,0.15,True,True,True
objective_count,2,9,30,100,3000,10000,20281628,0.95,0.4433735,0.43070549999999996,0.45140028749999994,0.02333787145600716,0.87101655,0.796862,0.940839,0.08264883141428256,0.002886956482514311,0.03777327767193458,0.1,0.15,True,True,True
objective_count,2,10,30,100,3000,10000,20281728,0.95,0.43467100000000003,0.4180718625,0.4432315,0.028941012282853004,0.79251145,0.7352768499999998,0.839898,0.06600608104778818,0.004223884271092399,0.019254232856825287,0.1,0.15,True,True,True
objective_count,2,11,30,100,3000,10000,20281828,0.95,0.4347005,0.4175079125,0.44112,0.02715902960774141,0.8081193999999998,0.7565935474999993,0.845245,0.05485046671321141,0.003161947133716204,0.015689203847847055,0.1,0.15,True,True,True
objective_count,2,12,30,100,3000,10000,20281928,0.95,0.415608,0.3057185625,0.4381435375,0.159314756934419,0.7808952999999996,0.7198939999999997,0.847726,0.08184964104662965,0.006131980135127221,0.019546858586547578,0.1,0.15,False,True,False
objective_count,2,13,30,100,3000,10000,20282028,0.95,0.4139975,0.39473403749999997,0.428433,0.040699475842245474,0.7444665499999996,0.677744849999997,0.786514,0.07305173751594557,0.003041081165949094,0.012600498974735214,0.1,0.15,True,True,True
objective_count,2,14,30,100,3000,10000,20282128,0.95,0.4310255,0.41845821250000004,0.43902888749999996,0.023862480294089244,0.7986686499999999,0.7561872724999996,0.8487294999999998,0.057935307401887,0.002331648591556597,0.01461150378195017,0.1,0.15,True,True,True
objective_count,2,15,30,100,3000,10000,20282228,0.95,0.4348345,0.41968347500000003,0.442163,0.02584836874718996,0.7893157499999991,0.7485711737499996,0.847804,0.06286003177435678,0.004044067340562895,0.017120524961017573,0.1,0.15,True,True,True
objective_count,2,16,30,100,3000,10000,20282328,0.95,0.436215,0.425238,0.44370204999999996,0.02116393292298517,0.8146753999999999,0.762039,0.85608915,0.05772246835979088,0.0033733365427597835,0.01848871341886648,0.1,0.15,True,True,True
objective_count,2,17,30,100,3000,10000,20282428,0.95,0.42864199999999997,0.41246535,0.4452045375,0.03818943022382314,0.7908617999999996,0.73646,0.8667699499999996,0.08238477948991824,0.0070909990154956444,0.01955360595239233,0.1,0.15,True,True,True
objective_count,2,18,30,100,3000,10000,20282528,0.95,0.41714850000000003,0.29019150000000005,0.437075,0.17605660813834872,0.75388635,0.527355,0.825289,0.19759874946668024,0.006805729853996657,0.02282552270644039,0.1,0.15,False,False,False
objective_count,2,19,30,100,3000,10000,20282628,0.95,0.4344475,0.4198575,0.44452010000000003,0.028383866865386537,0.77534405,0.74436914375,0.845875,0.06545858980281082,0.005419527100512678,0.015174102387192,0.1,0.15,True,True,True
objective_count,2,20,30,100,3000,10000,20282728,0.95,0.4321275,0.4171455,0.442817,0.029703617566574695,0.7925849499999996,0.7387055499999996,0.848795,0.0694496217724046,0.004849263238280305,0.018248138574924737,0.1,0.15,True,True,True
objective_count,2,21,30,100,3000,10000,20282828,0.95,0.421039,0.40727633750000003,0.4350128375,0.03293816012293398,0.7548801999999991,0.7112773999999996,0.812851,0.06727796013195239,0.0037621217986931717,0.014132242440587703,0.1,0.15,True,True,True
objective_count,2,22,30,100,3000,10000,20282928,0.95,0.4265855,0.41462335,0.438926,0.028485086811436373,0.7812497,0.73812165,0.8424009487499986,0.06673877682768943,0.004925155683913223,0.02365344908292452,0.1,0.15,True,True,True
objective_count,2,23,30,100,3000,10000,20283028,0.95,0.4270035,0.413013275,0.44391656249999994,0.03618622271246012,0.7788500999999995,0.7403160225000001,0.826507,0.055332199032907606,0.005259910047575653,0.013510109326556646,0.1,0.15,True,True,True
objective_count,2,24,30,100,3000,10000,20283128,0.95,0.4301995,0.412308,0.44126602500000006,0.033656507039176074,0.7637167499999997,0.688058,0.846219,0.10354689745903842,0.005553237509574116,0.022330006510921478,0.1,0.15,True,True,True
objective_count,2,25,30,100,3000,10000,20283228,0.95,0.425106,0.410762,0.440571675,0.03506146114145646,0.7661570499999996,0.7247455774999997,0.811243,0.05644888505561648,0.005175179837499305,0.016858554000123226,0.1,0.15,True,True,True
objective_count,2,26,30,100,3000,10000,20283328,0.95,0.434993,0.41550065,0.445153,0.03408370939302471,0.79134205,0.7558437387499998,0.8381131,0.05198091094110333,0.005132266496242528,0.007981630699392527,0.1,0.15,True,True,True
objective_count,2,27,30,100,3000,10000,20283428,0.95,0.4278385,0.360351,0.444186,0.097975053670953,0.791346349999999,0.696762,0.8654181999999998,0.10656282170253267,0.00648258630300916,0.04386739131354954,0.1,0.15,True,True,True
objective_count,2,28,30,100,3000,10000,20283528,0.95,0.4363515,0.414871,0.4473160875,0.03717769676510797,0.8037664999999999,0.7566301,0.8482800999999999,0.057012826486299135,0.006600183567605459,0.009002614565300326,0.1,0.15,True,True,True
objective_count,2,29,30,100,3000,10000,20283628,0.95,0.4252535,0.41142662500000005,0.4417486,0.03565164660608313,0.7751711999999998,0.7327610762499996,0.834751,0.06578541859527315,0.004879442497239866,0.01870619032286033,0.1,0.15,True,True,True
objective_count,2,30,30,100,3000,10000,20283728,0.95,0.431835,0.4148225,0.44443350000000004,0.03428508573876603,0.7862103999999996,0.7370998999999997,0.859017,0.07753465230172508,0.004492456609584672,0.018207657899208522,0.1,0.15,True,True,True
objective_count,2,31,30,100,3000,10000,20283828,0.95,0.43365549999999997,0.4140617125,0.445290025,0.03600589926796728,0.7817473999999998,0.7264553999999999,0.8394580862499978,0.07227570328343785,0.0060612629149174365,0.015258253497229413,0.1,0.15,True,True,True
objective_count,2,32,30,100,3000,10000,20283928,0.95,0.4393535,0.424613075,0.450122,0.02903006918119466,0.8136110499999999,0.7703462999999999,0.8646683624999989,0.05796508202537255,0.004297223078910264,0.016661769773161292,0.1,0.15,True,True,True
objective_count,5,1,30,100,3000,10000,20310828,0.95,0.528633,0.5088984999999999,0.5402161875,0.02962138903549351,0.8800189999999996,0.821083,0.9442726974999993,0.0699926351021963,0.003346366950228269,0.017753707590404136,0.1,0.15,True,True,True
objective_count,5,2,30,100,3000,10000,20310928,0.95,0.4689165,0.4611649375,0.4748485,0.014590617412695036,0.8693337499999997,0.813528,0.9067584499999995,0.053621782198148615,0.0024727216892560517,0.020955933207471186,0.1,0.15,True,True,True
objective_count,5,3,30,100,3000,10000,20311028,0.95,0.4517935,0.44091743749999995,0.457974,0.01887650276066393,0.8417662999999997,0.785617,0.877647,0.05466481611345095,0.0025763982881559793,0.021673652176381734,0.1,0.15,True,True,True
objective_count,5,4,30,100,3000,10000,20311128,0.95,0.445203,0.436536875,0.450579025,0.015770502444952112,0.8280941999999997,0.773425,0.8638911499999998,0.05462310326530474,0.0018856566555032041,0.016610308344147076,0.1,0.15,True,True,True
objective_count,5,5,30,100,3000,10000,20311228,0.95,0.44336600000000004,0.435658,0.448494575,0.014476273552775828,0.8339222,0.782526,0.868541,0.051572556768485094,0.0018472323091983014,0.007904994015029376,0.1,0.15,True,True,True
objective_count,5,6,30,100,3000,10000,20311328,0.95,0.438193,0.42586250000000003,0.446024,0.02300527393180624,0.8221871,0.76681,0.871713831249999,0.06379559546117851,0.002315189882083862,0.016760722711412646,0.1,0.15,True,True,True
objective_count,5,7,30,100,3000,10000,20311428,0.95,0.43496599999999996,0.42376,0.442214,0.02121315229236305,0.7971662999999998,0.7492933499999999,0.8571,0.06761867003158573,0.0024093837219459407,0.020203438103191126,0.1,0.15,True,True,True
objective_count,5,8,30,100,3000,10000,20311528,0.95,0.4379385,0.4301565,0.4433151875,0.015023442218485002,0.8024678999999999,0.7672405,0.853706,0.053874740659408296,0.0019523289228966958,0.008500651552542036,0.1,0.15,True,True,True
objective_count,5,9,30,100,3000,10000,20311628,0.95,0.43475949999999997,0.42233305,0.44068308750000007,0.02110366478478341,0.8124538499999999,0.75946565,0.8427942499999996,0.051282051282051065,0.0027313951736533705,0.015991800641968798,0.1,0.15,True,True,True
objective_count,5,10,30,100,3000,10000,20311728,0.95,0.434073,0.417897475,0.44232000000000005,0.02813181768965131,0.8071027499999998,0.7458528662499999,0.84921,0.06402972468499217,0.003062848875650038,0.028974749497508234,0.1,0.15,True,True,True
objective_count,5,11,30,100,3000,10000,20311828,0.95,0.4344475,0.41729245000000004,0.44214,0.028596723424579428,0.8136390499999993,0.7578127299999999,0.876545,0.07296372390189494,0.0034112292049096457,0.020658177603446327,0.1,0.15,True,True,True
objective_count,5,12,30,100,3000,10000,20311928,0.95,0.412486,0.30080383750000006,0.4354590375,0.1632239639648375,0.7602880499999999,0.6643118999999981,0.825876,0.10625190018441169,0.004828042648720149,0.022211055401963452,0.1,0.15,False,True,False
objective_count,5,13,30,100,3000,10000,20312028,0.95,0.41278099999999995,0.392382,0.42998458749999996,0.045547866180856135,0.7347150999999995,0.6276598999999985,0.7723389999999993,0.09845932117088714,0.0033589239814818717,0.01499370300134007,0.1,0.15,True,True,True
objective_count,5,14,30,100,3000,10000,20312128,0.95,0.4288165,0.41672925,0.436066,0.022546648741361416,0.8182132999999998,0.7649171999999999,0.8486850499999997,0.05118949423090525,0.002996619766263613,0.028866739272021713,0.1,0.15,True,True,True
objective_count,5,15,30,100,3000,10000,20312228,0.95,0.4318925,0.4185428625,0.44053522500000003,0.025460458910492804,0.80867305,0.7520773499999999,0.85377,0.06287624522667112,0.0038655452456340185,0.023697339734519474,0.1,0.15,True,True,True
objective_count,5,16,30,100,3000,10000,20312328,0.95,0.43486749999999996,0.4231829,0.442393,0.02208730245419583,0.7883013499999989,0.7451531999999998,0.844208,0.0628280035293611,0.002906632480008122,0.011707134587552251,0.1,0.15,True,True,True
objective_count,5,17,30,100,3000,10000,20312428,0.95,0.423485,0.4080762375,0.4405780125,0.038374175000295184,0.7676296,0.723294,0.8431176499999996,0.07804783062039271,0.006393378750132765,0.02222478132682782,0.1,0.15,True,True,True
objective_count,5,18,30,100,3000,10000,20312528,0.95,0.418465,0.29238549999999996,0.437267,0.1731106544155426,0.7755278999999998,0.635308,0.844779,0.13505058941141898,0.005919252506183197,0.021880902028153907,0.1,0.15,False,True,False
objective_count,5,19,30,100,3000,10000,20312628,0.95,0.431692,0.418156625,0.44257986250000003,0.02828780415203435,0.7723884,0.7360650499999998,0.820252,0.054497808356521286,0.004211335859825955,0.014786213775349373,0.1,0.15,True,True,True
objective_count,5,20,30,100,3000,10000,20312728,0.95,0.4281915,0.4163593625,0.4408155,0.028557476619690058,0.7861428999999998,0.739669,0.8353867999999993,0.060878117706080745,0.004221242131149304,0.021915417667703736,0.1,0.15,True,True,True
objective_count,5,21,30,100,3000,10000,20312828,0.95,0.42194149999999997,0.407864,0.4352589125,0.032462927325233454,0.7460223,0.704419,0.805502,0.06774797482595361,0.00365216505131639,0.015500676052177345,0.1,0.15,True,True,True
objective_count,5,22,30,100,3000,10000,20312928,0.95,0.426774,0.41466895000000004,0.438428,0.027835634316992073,0.7802243,0.73248236375,0.8465800499999996,0.07311851620745445,0.004845656014658846,0.01674204456333975,0.1,0.15,True,True,True
objective_count,5,23,30,100,3000,10000,20313028,0.95,0.42332800000000004,0.413512,0.439488325,0.03068108535225643,0.7527216499999998,0.6907342999999995,0.839094,0.09854884604421872,0.0034169721823266155,0.019064417769835466,0.1,0.15,True,True,True
objective_count,5,24,30,100,3000,10000,20313128,0.95,0.42921750000000003,0.412364275,0.4398629375,0.032033482441885516,0.7811267999999992,0.7166511675,0.853669,0.08770524356608948,0.00444063906993532,0.017562577548228955,0.1,0.15,True,True,True
objective_count,5,25,30,100,3000,10000,20313228,0.95,0.42176650000000004,0.4095188125,0.4390971875,0.035064870016940634,0.7720875499999995,0.714151657500001,0.842199,0.08292281263957639,0.003281436529453953,0.025603184509321034,0.1,0.15,True,True,True
objective_count,5,26,30,100,3000,10000,20313328,0.95,0.4256455,0.4074153875,0.44049365,0.0388565866431103,0.7955393,0.7201939587499975,0.8633230999999983,0.08995730396348796,0.005398858909585611,0.017540742487517455,0.1,0.15,True,True,True
objective_count,5,27,30,100,3000,10000,20313428,0.95,0.42263,0.3216556,0.441141225,0.14135961124387766,0.7741913500000001,0.692091,0.8608981999999994,0.10902162624265911,0.008487329342450728,0.02857207071611008,0.1,0.15,False,True,False
objective_count,5,28,30,100,3000,10000,20313528,0.95,0.4332315,0.41569615,0.4453762,0.034254261289864675,0.7855123499999995,0.748496,0.8418356499999997,0.0594132288308387,0.008338498008570519,0.013728873899945296,0.1,0.15,True,True,True
objective_count,5,29,30,100,3000,10000,20313628,0.95,0.422857,0.408573775,0.440057,0.03722679889418882,0.7841757999999999,0.7308948300000003,0.83527485,0.06655396659779586,0.005423819399938996,0.01960153577807404,0.1,0.15,True,True,True
objective_count,5,30,30,100,3000,10000,20313728,0.95,0.430098,0.41357693749999996,0.443535,0.03482701907472256,0.7821988999999998,0.728414,0.8583519499999988,0.08305940471151185,0.004683816246529802,0.020718259767432478,0.1,0.15,True,True,True
objective_count,5,31,30,100,3000,10000,20313828,0.95,0.43348299999999995,0.41526833750000003,0.44499299999999997,0.03428584569637096,0.7798324999999998,0.7225930499999995,0.853721,0.08407443265060155,0.004215851602023824,0.016039405898061295,0.1,0.15,True,True,True
objective_count,5,32,30,100,3000,10000,20313928,0.95,0.432631,0.417397925,0.44473031249999995,0.031588567971319606,0.8072572,0.7573990012499983,0.8509175499999995,0.05792363868046095,0.00482397239217718,0.017624494399059422,0.1,0.15,True,True,True
objective_count,10,1,30,100,3000,10000,20360828,0.95,0.5348245,0.517162,0.546577,0.027499675127074366,0.8875658999999997,0.8287299499999996,0.9431752699999983,0.06447144938758845,0.0032066593807873627,0.022781463325709295,0.1,0.15,True,True,True
objective_count,10,2,30,100,3000,10000,20360928,0.95,0.47220799999999996,0.4652959875,0.47888,0.014383505256158266,0.8628320499999995,0.805203,0.9084255499999999,0.05981613107672575,0.0021473587910413854,0.024632140171427196,0.1,0.15,True,True,True
objective_count,10,3,30,100,3000,10000,20361028,0.95,0.4493025,0.438498,0.45612403749999997,0.019614889189354577,0.8275016499999999,0.7703432999999988,0.867205,0.058526590249095685,0.0023636636787020045,0.015391510095478544,0.1,0.15,True,True,True
objective_count,10,4,30,100,3000,10000,20361128,0.95,0.445416,0.4358510375,0.45092449999999995,0.016920656756829536,0.8431931999999996,0.7781673324999988,0.875637,0.057797944468717985,0.0024594985361998034,0.012875044533091273,0.1,0.15,True,True,True
objective_count,10,5,30,100,3000,10000,20361228,0.95,0.4423865,0.434834925,0.44813,0.015026537880337656,0.8300997999999997,0.7818451550000001,0.855757,0.0445198547210829,0.0022141272394162618,0.013624867756865354,0.1,0.15,True,True,True
objective_count,10,6,30,100,3000,10000,20361328,0.95,0.4372965,0.42357449999999996,0.444676,0.02412722260525759,0.8204693999999996,0.7560728,0.870398,0.0696706056313618,0.003220926762505484,0.03007211481622633,0.1,0.15,True,True,True
objective_count,10,7,30,100,3000,10000,20361428,0.95,0.43431600000000004,0.42182549999999996,0.441452,0.022594723657429205,0.8136671499999999,0.7596151499999999,0.8632641999999998,0.06369253692987355,0.0033616076773593804,0.021839212754257042,0.1,0.15,True,True,True
objective_count,10,8,30,100,3000,10000,20361528,0.95,0.437508,0.4297640625,0.44313088749999996,0.015276092094315956,0.8101384999999998,0.769246,0.846989,0.04798130196256568,0.002094818837598368,0.016378434057880056,0.1,0.15,True,True,True
objective_count,10,9,30,100,3000,10000,20361628,0.95,0.43484849999999997,0.4202615,0.4415711,0.02450232667239278,0.8069315499999998,0.747956,0.8519378499999988,0.06443040304967555,0.0039266549154475016,0.022614929358011304,0.1,0.15,True,True,True
objective_count,10,10,30,100,3000,10000,20361728,0.95,0.4348825,0.419299,0.442937,0.027177455979488768,0.7995574499999997,0.7477082499999996,0.844636,0.06061337431100196,0.003181319091938586,0.022328914576431897,0.1,0.15,True,True,True
objective_count,10,11,30,100,3000,10000,20361828,0.95,0.43435,0.4173933375,0.44190455,0.028215969264418085,0.8174601999999996,0.760432,0.8533611499999996,0.05684016787606272,0.0028859214918844677,0.027889431191879786,0.1,0.15,True,True,True
objective_count,10,12,30,100,3000,10000,20361928,0.95,0.414418,0.30244416250000006,0.4369956625,0.1623379052068201,0.7527946499999998,0.676951434999996,0.8218533999999994,0.09624269048671072,0.004806741019936378,0.013258130886025727,0.1,0.15,False,True,False
objective_count,10,13,30,100,3000,10000,20362028,0.95,0.412339,0.39469015,0.428298,0.040752693778662696,0.7484046999999999,0.697924,0.8076167499999991,0.07328438076350878,0.0036450590412257307,0.01746354612684943,0.1,0.15,True,True,True
objective_count,10,14,30,100,3000,10000,20362128,0.95,0.43078700000000003,0.418841,0.4381360125,0.022395072855030427,0.7856173499999999,0.741279,0.829146,0.05592226291845517,0.0033287912587892537,0.023494834985505707,0.1,0.15,True,True,True
objective_count,10,15,30,100,3000,10000,20362228,0.95,0.43407399999999996,0.420312,0.441095,0.02393946654257108,0.7899554999999997,0.7489393424999995,0.8351992499999995,0.05459795361890641,0.00299257730248771,0.016480865061386067,0.1,0.15,True,True,True
objective_count,10,16,30,100,3000,10000,20362328,0.95,0.433925,0.4234716,0.441444725,0.02070994411476635,0.7887918999999998,0.7403393999999998,0.8423501499999996,0.0646626505672788,0.0026652071210462747,0.019710585263362834,0.1,0.15,True,True,True
objective_count,10,17,30,100,3000,10000,20362428,0.95,0.42412,0.40992975000000004,0.4422275,0.03807619305856828,0.7604047999999998,0.7160248275000001,0.8153698999999978,0.06532380680658362,0.007400028293879064,0.014178632223257931,0.1,0.15,True,True,True
objective_count,10,18,30,100,3000,10000,20362528,0.95,0.418354,0.295428,0.43786274999999997,0.1702323271679008,0.7666657999999997,0.5930220999999942,0.846154,0.1650862083583263,0.00482964188223366,0.01655493175774864,0.1,0.15,False,False,False
objective_count,10,19,30,100,3000,10000,20362628,0.95,0.432939,0.41863085,0.44336834999999997,0.028569267263979414,0.7917447499999991,0.7339724449999998,0.859571,0.0793175799397472,0.004050224165529136,0.02401184220040522,0.1,0.15,True,True,True
objective_count,10,20,30,100,3000,10000,20362728,0.95,0.4291005,0.41681999999999997,0.4418462875,0.029161335747686173,0.7800029999999999,0.7299952,0.8491252199999992,0.07636510372395959,0.0055674603035884935,0.022491580160589757,0.1,0.15,True,True,True
objective_count,10,21,30,100,3000,10000,20362828,0.95,0.4221485,0.40804615,0.435812725,0.03288721267516054,0.75848645,0.7086359999999992,0.8143771999999999,0.06970539816499079,0.004531580711526864,0.0189127307415974,0.1,0.15,True,True,True
objective_count,10,22,30,100,3000,10000,20362928,0.95,0.425385,0.4137292375,0.43962650000000003,0.030439792775955918,0.7684955499999997,0.7317672499999999,0.82006504375,0.05744847432753525,0.005502074591252554,0.008109871293334571,0.1,0.15,True,True,True
objective_count,10,23,30,100,3000,10000,20363028,0.95,0.423132,0.4133494125,0.439697,0.03113400487318377,0.7604644499999998,0.720448,0.8067954762499985,0.05677285522682784,0.003332293468704854,0.010956922443909247,0.1,0.15,True,True,True
objective_count,10,24,30,100,3000,10000,20363128,0.95,0.429677,0.41380085,0.4396065,0.030029126529928313,0.7668672,0.7054309999999996,0.843763,0.09019293040568202,0.005683338880135414,0.024504699118700443,0.1,0.15,True,True,True
objective_count,10,25,30,100,3000,10000,20363228,0.95,0.4242855,0.4109338375,0.4397161,0.033918508292175895,0.78351525,0.7297896837499991,0.8443042999999999,0.07307746482917901,0.0035483182903965575,0.01945073819558841,0.1,0.15,True,True,True
objective_count,10,26,30,100,3000,10000,20363328,0.95,0.4275185,0.40828251249999997,0.44086068749999996,0.038101479819001964,0.7899594999999993,0.7277055499999999,0.841503,0.07202739507531727,0.00513895889885468,0.0140199592510752,0.1,0.15,True,True,True
objective_count,10,27,30,100,3000,10000,20363428,0.95,0.4217295,0.30031491250000003,0.440995,0.16678947939378203,0.8008601,0.6696547999999987,0.8721569499999999,0.1264279179347312,0.008689219037321484,0.04339996461304553,0.1,0.15,False,True,False
objective_count,10,28,30,100,3000,10000,20363528,0.95,0.43244649999999996,0.4158455,0.445717,0.03453779831724849,0.8119359999999999,0.7557724287499993,0.860705,0.06461874535061925,0.007022834038430344,0.02179716135261912,0.1,0.15,True,True,True
objective_count,10,29,30,100,3000,10000,20363628,0.95,0.422815,0.40878861250000004,0.43990015,0.036790957629223124,0.7711615499999998,0.7207950499999998,0.8301604499999994,0.07090952602603154,0.0047987890685051455,0.01850092240724432,0.1,0.15,True,True,True
objective_count,10,30,30,100,3000,10000,20363728,0.95,0.43004299999999995,0.41324893749999997,0.4420615625,0.033499702355345905,0.7680241499999998,0.7095529300000003,0.841473,0.08588276162930537,0.005733147615470904,0.015938496204839295,0.1,0.15,True,True,True
objective_count,10,31,30,100,3000,10000,20363828,0.95,0.4341165,0.4146614625,0.445377,0.035377067561357375,0.7835181999999999,0.7299768999999999,0.8373873499999985,0.06854368539237417,0.0060916827625765195,0.024539506548794873,0.1,0.15,True,True,True
objective_count,10,32,30,100,3000,10000,20363928,0.95,0.4325745,0.41628993750000004,0.44386,0.031867415323834324,0.7998905999999999,0.7538406337499999,0.8602856499999997,0.06653723412301621,0.0043033049798357524,0.015885734874243974,0.1,0.15,True,True,True
objective_count,20,1,30,100,3000,10000,20460828,0.95,0.540829,0.5230185,0.5525271875,0.027280977443886984,0.9063121999999993,0.8526316999999999,0.953739,0.05577950953324925,0.003780307638828548,0.01655125022039822,0.1,0.15,True,True,True
objective_count,20,2,30,100,3000,10000,20460928,0.95,0.47039149999999996,0.4627055,0.476358,0.014511848109500292,0.85772015,0.8021204499999999,0.890138,0.0513090137849741,0.0021025039780692514,0.014309678978628075,0.1,0.15,True,True,True
objective_count,20,3,30,100,3000,10000,20461028,0.95,0.450153,0.438235,0.45646001249999996,0.0202431312242726,0.8426906,0.7735386700000001,0.8653007999999998,0.05444592000907549,0.0026746461758557264,0.021095108928472883,0.1,0.15,True,True,True
objective_count,20,4,30,100,3000,10000,20461128,0.95,0.4465765,0.4374699,0.45263631249999997,0.016980755256938002,0.8221488999999997,0.7688606137499996,0.8618344749999995,0.05654320114641033,0.002415039752427596,0.021438330696543967,0.1,0.15,True,True,True
objective_count,20,5,30,100,3000,10000,20461228,0.95,0.4419925,0.4350235,0.4479211875,0.014590391805290787,0.8012404,0.7619902999999995,0.844739,0.05163787297794804,0.0017115675039735942,0.016162440136568687,0.1,0.15,True,True,True
objective_count,20,6,30,100,3000,10000,20461328,0.95,0.43744249999999996,0.4250855,0.444991,0.022752133137498097,0.7952954,0.7441895999999999,0.8565930999999997,0.07066776697061228,0.0028152271441388094,0.015211957720363958,0.1,0.15,True,True,True
objective_count,20,7,30,100,3000,10000,20461428,0.95,0.4346175,0.4223249,0.44140311249999997,0.02194827923403909,0.7954040499999998,0.7560775199999996,0.842318,0.054211743075736424,0.0029370653505669093,0.014779972518369638,0.1,0.15,True,True,True
objective_count,20,8,30,100,3000,10000,20461528,0.95,0.4389295,0.4308065,0.44419608750000006,0.01525254909957075,0.8370953499999993,0.7859298999999998,0.87648175,0.05408693884155501,0.0021620784203386493,0.015556650744745439,0.1,0.15,True,True,True
objective_count,20,9,30,100,3000,10000,20461628,0.95,0.43714699999999995,0.423578,0.444495,0.023924446467664156,0.8235595499999993,0.7645562499999999,0.868235949999999,0.06294608568378518,0.00249229664163331,0.014731296601441323,0.1,0.15,True,True,True
objective_count,20,10,30,100,3000,10000,20461728,0.95,0.43621699999999997,0.4196903875,0.44429925,0.02820713372014387,0.8058531499999998,0.7440630137499997,0.853776,0.0680725677190691,0.004197452185494642,0.034626221911523015,0.1,0.15,True,True,True
objective_count,20,11,30,100,3000,10000,20461828,0.95,0.43570200000000003,0.419169175,0.44308000000000003,0.02743942534117358,0.8105811,0.75695245875,0.8486596499999998,0.05656879444265343,0.0027576187394138135,0.008075194450006895,0.1,0.15,True,True,True
objective_count,20,12,30,100,3000,10000,20461928,0.95,0.414478,0.3047942375,0.436828,0.15927716609807996,0.7460524499999998,0.6583136999999993,0.7955902999999995,0.09200197653663643,0.0056818455985601065,0.017620409932304154,0.1,0.15,False,True,False
objective_count,20,13,30,100,3000,10000,20462028,0.95,0.4155125,0.3990879875,0.43076331249999994,0.03811597124033563,0.7377850499999998,0.6199219824999999,0.806743,0.12660938135029992,0.0033729430522547454,0.029805564642439202,0.1,0.15,True,True,True
objective_count,20,14,30,100,3000,10000,20462128,0.95,0.4326145,0.42051995000000003,0.440119,0.022651864419708484,0.8167792999999998,0.7659889737499997,0.8597386999999999,0.05738987646356864,0.002909056446328072,0.013537561493049447,0.1,0.15,True,True,True
objective_count,20,15,30,100,3000,10000,20462228,0.95,0.43438600000000005,0.421431,0.441887,0.023545878550413655,0.8262794499999997,0.756576,0.8609628999999995,0.06316682570285365,0.003172293766373536,0.022692988431456264,0.1,0.15,True,True,True
objective_count,20,16,30,100,3000,10000,20462328,0.95,0.43691199999999997,0.42632193749999997,0.443957,0.020181481053392927,0.7844519499999996,0.747933,0.8389734999999996,0.05802809209665403,0.002668729629765263,0.013386097134438831,0.1,0.15,True,True,True
objective_count,20,17,30,100,3000,10000,20462428,0.95,0.42601900000000004,0.41170243749999996,0.4437021625,0.03755668761252436,0.7814517999999994,0.7309992999999998,0.8518511499999996,0.07732521058880398,0.006017337254911287,0.014535445436301572,0.1,0.15,True,True,True
objective_count,20,18,30,100,3000,10000,20462528,0.95,0.41942999999999997,0.29406091250000016,0.4394050375,0.17326386405359634,0.7754938999999998,0.6266527162499985,0.842443,0.1391308711454736,0.006481415254035401,0.028428205560353158,0.1,0.15,False,True,False
objective_count,20,19,30,100,3000,10000,20462628,0.95,0.4361455,0.422838825,0.44603000000000004,0.02658651184065875,0.77448145,0.7266137174999997,0.830941,0.06735298986179743,0.0037109175722322544,0.021506583534053856,0.1,0.15,True,True,True
objective_count,20,20,30,100,3000,10000,20462728,0.95,0.4316265,0.4186197625,0.4434455375,0.028758399912887637,0.7770081499999997,0.7371141287499987,0.8223334187499989,0.054838092753596086,0.004698506695024586,0.01222760662162976,0.1,0.15,True,True,True
objective_count,20,21,30,100,3000,10000,20462828,0.95,0.422257,0.4082975,0.43730461249999997,0.03434769879480978,0.7455673999999999,0.71264,0.7883294587499995,0.05075963537971178,0.004014143045585987,0.013132146067545251,0.1,0.15,True,True,True
objective_count,20,22,30,100,3000,10000,20462928,0.95,0.429833,0.41768879999999997,0.4423430375,0.02867885609062125,0.7944283499999997,0.750161,0.851152,0.06356205691803427,0.004753008726645039,0.01837012740041268,0.1,0.15,True,True,True
objective_count,20,23,30,100,3000,10000,20463028,0.95,0.42437400000000003,0.41420675,0.4408125125,0.031347069448175384,0.74015965,0.68551,0.7997504999999994,0.07717287750014434,0.00296200992520737,0.014972783236697897,0.1,0.15,True,True,True
objective_count,20,24,30,100,3000,10000,20463128,0.95,0.43230599999999997,0.41473567499999997,0.4419925,0.03152492100502889,0.7648844999999997,0.7120867499999995,0.81436065,0.06685578018642063,0.005235874588832979,0.016832606753045543,0.1,0.15,True,True,True
objective_count,20,25,30,100,3000,10000,20463228,0.95,0.42585,0.41275195000000003,0.440216075,0.03224624280850059,0.7610661999999998,0.7071357999999998,0.8078031999999998,0.06613577110637689,0.004144651872725047,0.02247005582431658,0.1,0.15,True,True,True
objective_count,20,26,30,100,3000,10000,20463328,0.95,0.4295715,0.4136018,0.4429203,0.03412528531338784,0.7867739499999996,0.7405949499999999,0.8400624999999995,0.06321227971515814,0.003992350516735915,0.010139316381788919,0.1,0.15,True,True,True
objective_count,20,27,30,100,3000,10000,20463428,0.95,0.424447,0.30354873750000005,0.4428635,0.16411326090183223,0.74938825,0.5700106887499985,0.819764,0.16663812866695038,0.005582558010776432,0.017354822416818287,0.1,0.15,False,False,False
objective_count,20,28,30,100,3000,10000,20463528,0.95,0.4345335,0.41680376250000006,0.447244,0.03502634146734361,0.8000958499999999,0.7417479499999992,0.860415,0.07415802119208648,0.006702590249083176,0.01620643326671423,0.1,0.15,True,True,True
objective_count,20,29,30,100,3000,10000,20463628,0.95,0.424613,0.4095841,0.4415525624999999,0.03764423427921414,0.7629517999999997,0.7233398999999995,0.8054742499999998,0.053826696522637725,0.005552114513686609,0.012960976040687886,0.1,0.15,True,True,True
objective_count,20,30,30,100,3000,10000,20463728,0.95,0.4325095,0.41498487500000003,0.4451485125,0.034870491284006426,0.7751561999999999,0.73118203875,0.8321235999999997,0.065110464994023,0.00494902424108601,0.014157340159313147,0.1,0.15,True,True,True
objective_count,20,31,30,100,3000,10000,20463828,0.95,0.436481,0.41576,0.4478275,0.03673413046616,0.7669862999999995,0.7109952999999998,0.8120146437499993,0.06585472501268902,0.0060987763499442075,0.006528995367974095,0.1,0.15,True,True,True
objective_count,20,32,30,100,3000,10000,20463928,0.95,0.4349995,0.4203723,0.446357275,0.02986782168715139,0.7760344999999998,0.736798,0.8128939999999991,0.04902874807756561,0.0037873606751271404,0.011869704246396164,0.1,0.15,True,True,True
objective_count,50,1,30,100,3000,10000,20760828,0.95,0.5432239999999999,0.5241589000000001,0.558085,0.0312266210623978,0.9151299499999996,0.84768230125,0.9649474499999997,0.06407021688559082,0.004431873407655255,0.020136648352510205,0.1,0.15,True,True,True
objective_count,50,2,30,100,3000,10000,20760928,0.95,0.472461,0.4641215,0.47955607499999997,0.016334231820192512,0.8566701499999997,0.799941,0.89739755,0.05688102357716095,0.002032972033670569,0.017412244374337246,0.1,0.15,True,True,True
objective_count,50,3,30,100,3000,10000,20761028,0.95,0.45211500000000004,0.43983297499999996,0.459548,0.0218031087223384,0.8172397999999998,0.7769588499999998,0.85902,0.05020628584168335,0.003078862678743372,0.014141932392426068,0.1,0.15,True,True,True
objective_count,50,4,30,100,3000,10000,20761128,0.95,0.4453625,0.43465191249999996,0.451027075,0.018384083190659338,0.8188810999999996,0.77485425,0.861747,0.05305577940436049,0.00228690111987421,0.017767048232032696,0.1,0.15,True,True,True
objective_count,50,5,30,100,3000,10000,20761228,0.95,0.4433285,0.4356866,0.448987,0.015000614668355458,0.8343897,0.781229,0.869874,0.05311966338990048,0.001890246171856773,0.022097348517125956,0.1,0.15,True,True,True
objective_count,50,6,30,100,3000,10000,20761328,0.95,0.437852,0.4255653625,0.446043,0.02338420002649301,0.7912174499999997,0.74888,0.838708,0.05676568432609775,0.0033481633063226096,0.013904268668492667,0.1,0.15,True,True,True
objective_count,50,7,30,100,3000,10000,20761428,0.95,0.43491199999999997,0.42287,0.44225074999999997,0.022281231605474152,0.7795112499999998,0.7411919499999998,0.810469,0.04443620922725631,0.003720292840850455,0.016459672647444114,0.1,0.15,True,True,True
objective_count,50,8,30,100,3000,10000,20761528,0.95,0.438485,0.430066,0.443869025,0.015739449468054743,0.8222452,0.7741425999999999,0.85527605,0.049336530027782495,0.001897442329840244,0.016899764206589722,0.1,0.15,True,True,True
objective_count,50,9,30,100,3000,10000,20761628,0.95,0.4345425,0.42129550000000004,0.44189714999999996,0.023704988579943177,0.8171904999999998,0.765836,0.848217,0.050405015721548437,0.0025486574961021847,0.021745908695708107,0.1,0.15,True,True,True
objective_count,50,10,30,100,3000,10000,20761728,0.95,0.434965,0.418724,0.443731625,0.02874670950536254,0.8059850499999999,0.7483139999999999,0.851071,0.06374621961040103,0.004595772073615184,0.02546871061690299,0.1,0.15,True,True,True
objective_count,50,11,30,100,3000,10000,20761828,0.95,0.4352855,0.416906,0.44248617500000004,0.029383215154191948,0.7823614499999999,0.7477445399999998,0.845911,0.06273728083100222,0.0028521510594770707,0.010351609221032064,0.1,0.15,True,True,True
objective_count,50,12,30,100,3000,10000,20761928,0.95,0.414163,0.307577,0.4375320375,0.15688875817009248,0.7526932999999998,0.6570877499999983,0.8412636999999997,0.12234461898358964,0.004668451793134532,0.02236202979354264,0.1,0.15,False,True,False
objective_count,50,13,30,100,3000,10000,20762028,0.95,0.414128,0.396023575,0.430965,0.042186745402387635,0.74631195,0.7015173499999994,0.7817461499999998,0.05375017779093611,0.003987897461654435,0.00940859917893575,0.1,0.15,True,True,True
objective_count,50,14,30,100,3000,10000,20762128,0.95,0.430654,0.419193875,0.438514,0.022431145420685774,0.7972226499999999,0.764218,0.8462717499999995,0.051462254616072185,0.0027551119924579346,0.009291256338489704,0.1,0.15,True,True,True
objective_count,50,15,30,100,3000,10000,20762228,0.95,0.4343165,0.41971193749999997,0.442677,0.02643816490969146,0.7933422,0.7480685537499986,0.851851,0.0654083737446473,0.004650986089637446,0.0183708240907898,0.1,0.15,True,True,True
objective_count,50,16,30,100,3000,10000,20762328,0.95,0.436827,0.4267838875,0.4453065,0.021201313677954865,0.8253457999999998,0.769871,0.86314,0.05650298335558263,0.0031717361793113506,0.029625097746908535,0.1,0.15,True,True,True
objective_count,50,17,30,100,3000,10000,20762428,0.95,0.42521050000000005,0.41108008749999997,0.44278895,0.037286076543265094,0.7876333,0.7314005999999998,0.8604170499999996,0.08190134292189,0.004810558535125361,0.01797016454230703,0.1,0.15,True,True,True
objective_count,50,18,30,100,3000,10000,20762528,0.95,0.419551,0.29429733750000003,0.44034524999999997,0.17405263305295415,0.7718346999999998,0.6230846525000003,0.8445886499999998,0.1434918626358724,0.0064342594821606095,0.015389758973002664,0.1,0.15,False,True,False
objective_count,50,19,30,100,3000,10000,20762628,0.95,0.4367295,0.4215529125,0.44727704999999995,0.02945088149529625,0.7873095499999996,0.749968,0.8342606499999994,0.05353208912555389,0.005289315239753621,0.009922463153152076,0.1,0.15,True,True,True
objective_count,50,20,30,100,3000,10000,20762728,0.95,0.4324705,0.41715433749999997,0.444608,0.03174050310946068,0.7856656,0.73994855,0.8498524999999999,0.06994321120843261,0.004206067234643785,0.012673330740203232,0.1,0.15,True,True,True
objective_count,50,21,30,100,3000,10000,20762828,0.95,0.42433350000000003,0.409932925,0.4381675,0.03326932118251326,0.7685573499999999,0.7256005,0.838697,0.0735771377373465,0.0040216009341710116,0.02191144226257181,0.1,0.15,True,True,True
objective_count,50,22,30,100,3000,10000,20762928,0.95,0.430045,0.4177535,0.442814,0.02913706705112254,0.7922662499999996,0.7470114012500004,0.845063,0.06188045922062162,0.00462509737353072,0.01583224073977609,0.1,0.15,True,True,True
objective_count,50,23,30,100,3000,10000,20763028,0.95,0.42582949999999997,0.4151004375,0.44249557500000003,0.03216679152101963,0.7538260499999999,0.716971,0.792206,0.04990209611355295,0.004154244832732398,0.012818938798944416,0.1,0.15,True,True,True
objective_count,50,24,30,100,3000,10000,20763128,0.95,0.43319,0.41476958750000004,0.4436375125,0.03332016551628611,0.77924575,0.7246805537499995,0.8324131399999992,0.06912619430391485,0.004494563586416991,0.020241881332044687,0.1,0.15,True,True,True
objective_count,50,25,30,100,3000,10000,20763228,0.95,0.4269195,0.41291183750000005,0.441387125,0.033349715227343736,0.7751503,0.7151928974999996,0.8179896499999989,0.06630762608232192,0.00427012586682037,0.01857478478689882,0.1,0.15,True,True,True
objective_count,50,26,30,100,3000,10000,20763328,0.95,0.4296735,0.41177196250000003,0.44357141250000004,0.03700420202781881,0.7662464499999999,0.7069153487500001,0.8406210424999999,0.0872471864306842,0.005142276635631546,0.009052635741411973,0.1,0.15,True,True,True
objective_count,50,27,30,100,3000,10000,20763428,0.95,0.42581899999999995,0.309537,0.4440022125,0.15789010412874954,0.771368299999999,0.6959094187499999,0.865585,0.10998350674379564,0.006786921203610124,0.01580282726163284,0.1,0.15,False,True,False
objective_count,50,28,30,100,3000,10000,20763528,0.95,0.4344895,0.41851150000000004,0.448179775,0.034141532764313025,0.7941241499999996,0.740937,0.847386,0.0670228956013994,0.0054213047726123535,0.024285245575266887,0.1,0.15,True,True,True
objective_count,50,29,30,100,3000,10000,20763628,0.95,0.425855,0.411730225,0.442821,0.03650394500475516,0.7830545499999999,0.7307799499999997,0.857609,0.08098353428889483,0.0053210599852062095,0.02433476697121545,0.1,0.15,True,True,True
objective_count,50,30,30,100,3000,10000,20763728,0.95,0.43440999999999996,0.41728421250000003,0.44797963749999997,0.03533001657420403,0.77161355,0.7301167999999998,0.8036658999999987,0.04765928488425257,0.004892843166593649,0.009700646133028993,0.1,0.15,True,True,True
objective_count,50,31,30,100,3000,10000,20763828,0.95,0.4364825,0.4171507,0.44823758750000003,0.035610691723035916,0.7654406999999995,0.7101208499999989,0.8339545374999993,0.08089045140923419,0.00640346405640545,0.011111834006214296,0.1,0.15,True,True,True
objective_count,50,32,30,100,3000,10000,20763928,0.95,0.4351695,0.4205748125,0.4474422125,0.030870040294643797,0.7672314499999996,0.731308,0.8363897999999979,0.06848116041124093,0.004374157655809983,0.017349458237145603,0.1,0.15,True,True,True
