campaign_id,factor,factor_level,replication_index,seed,objective_id,relative_instance_dir,requested_constraint_count,realised_constraint_count,requested_virtual_node_count,realised_virtual_node_count,configuration_digest,instance_digest,generator_version,requested_objective_count,realised_objective_count,objective_count,selected_objective_index,selected_objective_shape_digest,selected_objective_constraint_count,total_constraint_count,useful_virtual_node_count,irrelevant_virtual_node_count,total_virtual_node_count,requirement_set_count,requirement_membership_link_count,maximum_membership_link_count,membership_density,realised_density,session_support_policy,graph_node_count,graph_edge_count
objective_count_stage10_c8_nv32,objective_count,1,0,101,O_OBJECTIVE_COUNT_STAGE10_C8_NV32_OBJECTIVE_COUNT_L1_R000_OBJ0001,instances/level_000001/rep_000_seed_101,8,8,32,32,e1c9064df2912793abe848d98a45d715f1ff07c9a619469dee4c1e18e10c74b1,025ab1c71f9cc2c202c70ed9e131623f3b45f06660e8c2fefb4634468a47f98a,mcad-sensitivity-e2.1-objective-count-v2,1,1,1,0,9c323d270de7e235b67473caa127927becaca5b27e285fe6580a5fb2c329406b,8,8,24,8,32,16,32,64,0.5,0.5,union_requirement_sets,49,48
objective_count_stage10_c8_nv32,objective_count,1,1,202,O_OBJECTIVE_COUNT_STAGE10_C8_NV32_OBJECTIVE_COUNT_L1_R001_OBJ0001,instances/level_000001/rep_001_seed_202,8,8,32,32,f261398bf1a771be0610fd3d465b842664f721e7bf5e6359439648b5800412d7,a169ed738b9a2b0a0b79657c4582b84d7e95581941c01ddf1eaf158009e6e8ed,mcad-sensitivity-e2.1-objective-count-v2,1,1,1,0,4494a7a20b74d62bb9ac4a0cdff3eddc4de6ec1d0ef6fa8f85f2615d14d07b95,8,8,24,8,32,16,32,64,0.5,0.5,union_requirement_sets,49,48
objective_count_stage10_c8_nv32,objective_count,1,2,1198202409,O_OBJECTIVE_COUNT_STAGE10_C8_NV32_OBJECTIVE_COUNT_L1_R002_OBJ0001,instances/level_000001/rep_002_seed_1198202409,8,8,32,32,15d805a0faafcdc47398bf2e94f55c4baf9b98d0dfb9b13f82ef0b8a53f22483,92f093ed82cfbca29ea77db603a45e5be41118d834586c1f393846093b3c3420,mcad-sensitivity-e2.1-objective-count-v2,1,1,1,0,a2558b884eb755bc658dc6a324b9fc7f98a7dd1329eae352f299f6ab4e9b8e47,8,8,24,8,32,16,32,64,0.5,0.5,union_requirement_sets,49,48
objective_count_stage10_c8_nv32,objective_count,1,3,796786883,O_OBJECTIVE_COUNT_STAGE10_C8_NV32_OBJECTIVE_COUNT_L1_R003_OBJ0001,instances/level_000001/rep_003_seed_796786883,8,8,32,32,7d8b75e3e303fa1dacb6767827d9fcf2d5cf00cd5c758a2345e5d71fadfe94c2,60af78a91c61aab79d83cf18b9d5b0fa5880024968427f882c3cedfaba49ad5a,mcad-sensitivity-e2.1-objective-count-v2,1,1,1,0,a9be03d60fbb2719bbc8044a14a7a04968578dc33f342417dba42fc41d407443,8,8,24,8,32,16,32,64,0.5,0.5,union_requirement_sets,49,48
objective_count_stage10_c8_nv32,objective_count,1,4,1126922093,O_OBJECTIVE_COUNT_STAGE10_C8_NV32_OBJECTIVE_COUNT_L1_R004_OBJ0001,instances/level_000001/rep_004_seed_1126922093,8,8,32,32,7b82453764308fb23e4d5ae29f383604071cac9b8881a3b8e686c459b2be3aab,020a4d67c695cdf054e4dd61e5309b12ae523935292fd0dc4e28adb7412e9d78,mcad-sensitivity-e2.1-objective-count-v2,1,1,1,0,2ef93ab3239bb6f22860fa2be008258d5625ff2102a5a8734b242b64ca4b0d31,8,8,24,8,32,16,32,64,0.5,0.5,union_requirement_sets,49,48
objective_count_stage10_c8_nv32,objective_count,1,5,809989256,O_OBJECTIVE_COUNT_STAGE10_C8_NV32_OBJECTIVE_COUNT_L1_R005_OBJ0001,instances/level_000001/rep_005_seed_809989256,8,8,32,32,6fa86583808546b43355dbb37bdc72645d402e7e8bfee98c646b4b489396baa9,48ae40a80bd48fb72f2c350fbb17c4688deb141f8d683278cd7deb31585200d0,mcad-sensitivity-e2.1-objective-count-v2,1,1,1,0,813ede191d5aa347f4bea6367149d32eca754154c69165b893c3f3c76fbefc80,8,8,24,8,32,16,32,64,0.5,0.5,union_requirement_sets,49,48
objective_count_stage10_c8_nv32,objective_count,1,6,618554674,O_OBJECTIVE_COUNT_STAGE10_C8_NV32_OBJECTIVE_COUNT_L1_R006_OBJ0001,instances/level_000001/rep_006_seed_618554674,8,8,32,32,96837f270be49f253441e338ef96955959b1519ffb43adb6037dcf5157cfe136,fd439029c66b96eaeb57ddd4c4caa561ceb13d918ec6e357dcbb974760496f06,mcad-sensitivity-e2.1-objective-count-v2,1,1,1,0,e93a27110c6a00befb6250525c868d7a50fef8c7065d5a0b7c5a6b3af32c0f12,8,8,24,8,32,16,32,64,0.5,0.5,union_requirement_sets,49,48
objective_count_stage10_c8_nv32,objective_count,1,7,1363159082,O_OBJECTIVE_COUNT_STAGE10_C8_NV32_OBJECTIVE_COUNT_L1_R007_OBJ0001,instances/level_000001/rep_007_seed_1363159082,8,8,32,32,09191053bdd263b9610dd7aade2b1d43f69db6852b91a05668b7e8acff9974e9,11ea789f724d2a13117f8f2b785de54880a1d1eeb6558ed9d966aa78e94c989d,mcad-sensitivity-e2.1-objective-count-v2,1,1,1,0,8611c0709bbb3227a973fd7fd50027bf2db8ced95c2b6187612844215a7fff50,8,8,24,8,32,16,32,64,0.5,0.5,union_requirement_sets,49,48
objective_count_stage10_c8_nv32,objective_count,1,8,874332939,O_OBJECTIVE_COUNT_STAGE10_C8_NV32_OBJECTIVE_COUNT_L1_R008_OBJ0001,instances/level_000001/rep_008_seed_874332939,8,8,32,32,846c4ba8108b5f3bad259523e94ddeae6ba9ef7591074cb570461ac19aca9ccf,e3ba453274997f0b1173c6706233d1a896b23a68dd171557bc135f31ee613e9f,mcad-sensitivity-e2.1-objective-count-v2,1,1,1,0,d3253fe65f24e582b4cc39a77d003ded60911c7d94bc9cb415e0076d2bc5ae3b,8,8,24,8,32,16,32,64,0.5,0.5,union_requirement_sets,49,48
objective_count_stage10_c8_nv32,objective_count,1,9,1767972531,O_OBJECTIVE_COUNT_STAGE10_C8_NV32_OBJECTIVE_COUNT_L1_R009_OBJ0001,instances/level_000001/rep_009_seed_1767972531,8,8,32,32,29c3101dc884c2d17f94c3400af63ec5cd121cfdea8c3ffb17c4e0f3b8e2af21,d10f3139dc7c018f0a35440ca19490cd128a66294324651493b4298345e004ab,mcad-sensitivity-e2.1-objective-count-v2,1,1,1,0,ab5676b63d84e5be388e52ce2115b978cc44e91f89a093f2d80a7354e6b0608c,8,8,24,8,32,16,32,64,0.5,0.5,union_requirement_sets,49,48
objective_count_stage10_c8_nv32,objective_count,2,0,101,O_OBJECTIVE_COUNT_STAGE10_C8_NV32_OBJECTIVE_COUNT_L2_R000_OBJ0001,instances/level_000002/rep_000_seed_101,8,8,32,32,f646106963783b770b1ef21f93256e83f47f83369bdfad7d8aa7d8b8ecb16bec,6244ef12d4518269c0503f3b9a7a932cd64b256864b05fc5593fafa06d31b1da,mcad-sensitivity-e2.1-objective-count-v2,2,2,2,0,9c323d270de7e235b67473caa127927becaca5b27e285fe6580a5fb2c329406b,8,16,48,16,64,32,64,128,0.5,0.5,union_requirement_sets,98,96
objective_count_stage10_c8_nv32,objective_count,2,1,202,O_OBJECTIVE_COUNT_STAGE10_C8_NV32_OBJECTIVE_COUNT_L2_R001_OBJ0001,instances/level_000002/rep_001_seed_202,8,8,32,32,2755005cf20fb390ac33749501f1109b4fa18e2be21e6b0a1534d5c010186e25,de9db4f508d05266ad40b2ccebf767b7344e1b073a2d4ed279060147cedf5202,mcad-sensitivity-e2.1-objective-count-v2,2,2,2,0,4494a7a20b74d62bb9ac4a0cdff3eddc4de6ec1d0ef6fa8f85f2615d14d07b95,8,16,48,16,64,32,64,128,0.5,0.5,union_requirement_sets,98,96
objective_count_stage10_c8_nv32,objective_count,2,2,1198202409,O_OBJECTIVE_COUNT_STAGE10_C8_NV32_OBJECTIVE_COUNT_L2_R002_OBJ0001,instances/level_000002/rep_002_seed_1198202409,8,8,32,32,4d0713077b1a720130ad86c16dc3f1cfa68c340523775f651bdfc97337f20390,3a54090a8636412af6bb448aa9c0ab875ef7f6536f4e549d4db106a12bbb2599,mcad-sensitivity-e2.1-objective-count-v2,2,2,2,0,a2558b884eb755bc658dc6a324b9fc7f98a7dd1329eae352f299f6ab4e9b8e47,8,16,48,16,64,32,64,128,0.5,0.5,union_requirement_sets,98,96
objective_count_stage10_c8_nv32,objective_count,2,3,796786883,O_OBJECTIVE_COUNT_STAGE10_C8_NV32_OBJECTIVE_COUNT_L2_R003_OBJ0001,instances/level_000002/rep_003_seed_796786883,8,8,32,32,95c5ae9a17949ddbe9403224e1343dee0954088823964892af45af314adb8d0f,c7b360faf56f65278df9c5a53c4ddfda899417c39f4839566516684e06f2a32d,mcad-sensitivity-e2.1-objective-count-v2,2,2,2,0,a9be03d60fbb2719bbc8044a14a7a04968578dc33f342417dba42fc41d407443,8,16,48,16,64,32,64,128,0.5,0.5,union_requirement_sets,98,96
objective_count_stage10_c8_nv32,objective_count,2,4,1126922093,O_OBJECTIVE_COUNT_STAGE10_C8_NV32_OBJECTIVE_COUNT_L2_R004_OBJ0001,instances/level_000002/rep_004_seed_1126922093,8,8,32,32,b307686b60142a28d15de258cc254082810184566e158dfc5292c02acc29f6e1,8d029989288db62e8ae4ab47567ca5386037ce0762c11b2cba2a3618eb099601,mcad-sensitivity-e2.1-objective-count-v2,2,2,2,0,2ef93ab3239bb6f22860fa2be008258d5625ff2102a5a8734b242b64ca4b0d31,8,16,48,16,64,32,64,128,0.5,0.5,union_requirement_sets,98,96
objective_count_stage10_c8_nv32,objective_count,2,5,809989256,O_OBJECTIVE_COUNT_STAGE10_C8_NV32_OBJECTIVE_COUNT_L2_R005_OBJ0001,instances/level_000002/rep_005_seed_809989256,8,8,32,32,b44c943cc59ff1194a23d17296ff9b912835d2acec185d98e79dae198ba42393,20d525132157258e97dad37426c6f172b1b0bc0e6d1aa6990d916a1edb07ccbd,mcad-sensitivity-e2.1-objective-count-v2,2,2,2,0,813ede191d5aa347f4bea6367149d32eca754154c69165b893c3f3c76fbefc80,8,16,48,16,64,32,64,128,0.5,0.5,union_requirement_sets,98,96
objective_count_stage10_c8_nv32,objective_count,2,6,618554674,O_OBJECTIVE_COUNT_STAGE10_C8_NV32_OBJECTIVE_COUNT_L2_R006_OBJ0001,instances/level_000002/rep_006_seed_618554674,8,8,32,32,a4eff4df2debc66fb5ab831e26bea1e1fede38c4408d263920b7e98286c2404c,108488b986fdca662967dc08d7317f4a3a7d805b01fe75056f5641c5e8886d7a,mcad-sensitivity-e2.1-objective-count-v2,2,2,2,0,e93a27110c6a00befb6250525c868d7a50fef8c7065d5a0b7c5a6b3af32c0f12,8,16,48,16,64,32,64,128,0.5,0.5,union_requirement_sets,98,96
objective_count_stage10_c8_nv32,objective_count,2,7,1363159082,O_OBJECTIVE_COUNT_STAGE10_C8_NV32_OBJECTIVE_COUNT_L2_R007_OBJ0001,instances/level_000002/rep_007_seed_1363159082,8,8,32,32,4a24b5e3d582ed656e5d61e2d59282c075ead959d8c74cf56fb51f8091a6cca3,0c1f3e60643bc04485b4eb12d0eaad89571008f1c225dd93303f953997e93887,mcad-sensitivity-e2.1-objective-count-v2,2,2,2,0,8611c0709bbb3227a973fd7fd50027bf2db8ced95c2b6187612844215a7fff50,8,16,48,16,64,32,64,128,0.5,0.5,union_requirement_sets,98,96
objective_count_stage10_c8_nv32,objective_count,2,8,874332939,O_OBJECTIVE_COUNT_STAGE10_C8_NV32_OBJECTIVE_COUNT_L2_R008_OBJ0001,instances/level_000002/rep_008_seed_874332939,8,8,32,32,d6f82f0afc24c2533bd6a6dd7fdd7b79ce333ad3e7db9708cea965bee80644b8,00d8a19e109825e5e03c3c79ed8087bbc8c0c70d0ade34b6a40c94aa71823de4,mcad-sensitivity-e2.1-objective-count-v2,2,2,2,0,d3253fe65f24e582b4cc39a77d003ded60911c7d94bc9cb415e0076d2bc5ae3b,8,16,48,16,64,32,64,128,0.5,0.5,union_requirement_sets,98,96
objective_count_stage10_c8_nv32,objective_count,2,9,1767972531,O_OBJECTIVE_COUNT_STAGE10_C8_NV32_OBJECTIVE_COUNT_L2_R009_OBJ0001,instances/level_000002/rep_009_seed_1767972531,8,8,32,32,7e9b35e742d326e5aa5e231120d224c8cb65131d708fb2bbf8659cdb70050d2e,1f3717da2eafcd31e8f1422f8fd2408dcf9597fcf8083e46ae1628e1c715129a,mcad-sensitivity-e2.1-objective-count-v2,2,2,2,0,ab5676b63d84e5be388e52ce2115b978cc44e91f89a093f2d80a7354e6b0608c,8,16,48,16,64,32,64,128,0.5,0.5,union_requirement_sets,98,96
objective_count_stage10_c8_nv32,objective_count,5,0,101,O_OBJECTIVE_COUNT_STAGE10_C8_NV32_OBJECTIVE_COUNT_L5_R000_OBJ0001,instances/level_000005/rep_000_seed_101,8,8,32,32,677b38e4db7661e4513566bb9cdbd1e3cfe856059b4bec02d6bf05036d51437d,049410eec9bce69be18f1671c77debd862293c8b5d311bf9311f09c9eecdee58,mcad-sensitivity-e2.1-objective-count-v2,5,5,5,0,9c323d270de7e235b67473caa127927becaca5b27e285fe6580a5fb2c329406b,8,40,120,40,160,80,160,320,0.5,0.5,union_requirement_sets,245,240
objective_count_stage10_c8_nv32,objective_count,5,1,202,O_OBJECTIVE_COUNT_STAGE10_C8_NV32_OBJECTIVE_COUNT_L5_R001_OBJ0001,instances/level_000005/rep_001_seed_202,8,8,32,32,7a6e37196db54842ec78c05b2de6444e92f6c45aa4a74cd4844b9862827dabc6,bb8d215f2208c8533a9138b1f30a1da6e598a91b8b5cdd9b7d66f87cda20b31c,mcad-sensitivity-e2.1-objective-count-v2,5,5,5,0,4494a7a20b74d62bb9ac4a0cdff3eddc4de6ec1d0ef6fa8f85f2615d14d07b95,8,40,120,40,160,80,160,320,0.5,0.5,union_requirement_sets,245,240
objective_count_stage10_c8_nv32,objective_count,5,2,1198202409,O_OBJECTIVE_COUNT_STAGE10_C8_NV32_OBJECTIVE_COUNT_L5_R002_OBJ0001,instances/level_000005/rep_002_seed_1198202409,8,8,32,32,b3b15df2d99172148369a7b3592f99d14e49146005978453c10aa5e3a9fb64c5,1f23dfc8be4b1d2397b5b80e98897d300371cad0d5e0d0e0944c39e13a130153,mcad-sensitivity-e2.1-objective-count-v2,5,5,5,0,a2558b884eb755bc658dc6a324b9fc7f98a7dd1329eae352f299f6ab4e9b8e47,8,40,120,40,160,80,160,320,0.5,0.5,union_requirement_sets,245,240
objective_count_stage10_c8_nv32,objective_count,5,3,796786883,O_OBJECTIVE_COUNT_STAGE10_C8_NV32_OBJECTIVE_COUNT_L5_R003_OBJ0001,instances/level_000005/rep_003_seed_796786883,8,8,32,32,9688257649fc68530cc337975e1592739a97d5fcb41f921329a33a0abcd0cc30,b3a165775149181247e4137e00e9c16a461dd8cbd42947fae7e913ec5176156b,mcad-sensitivity-e2.1-objective-count-v2,5,5,5,0,a9be03d60fbb2719bbc8044a14a7a04968578dc33f342417dba42fc41d407443,8,40,120,40,160,80,160,320,0.5,0.5,union_requirement_sets,245,240
objective_count_stage10_c8_nv32,objective_count,5,4,1126922093,O_OBJECTIVE_COUNT_STAGE10_C8_NV32_OBJECTIVE_COUNT_L5_R004_OBJ0001,instances/level_000005/rep_004_seed_1126922093,8,8,32,32,bdc56ca09b616ef22a9b558b95fef624066ad43655656aac28cbb820a210e66f,094b69911f005df46f1d4f1bb39f9565691451a402924cfce5f5d00ceebca05f,mcad-sensitivity-e2.1-objective-count-v2,5,5,5,0,2ef93ab3239bb6f22860fa2be008258d5625ff2102a5a8734b242b64ca4b0d31,8,40,120,40,160,80,160,320,0.5,0.5,union_requirement_sets,245,240
objective_count_stage10_c8_nv32,objective_count,5,5,809989256,O_OBJECTIVE_COUNT_STAGE10_C8_NV32_OBJECTIVE_COUNT_L5_R005_OBJ0001,instances/level_000005/rep_005_seed_809989256,8,8,32,32,8ed1b92f02231efb795593109e12e2fd451903579a119420cff1c097ac8083d0,e87729173cf6aa3cc1430db4ec6d562fc47c6fbada4765ea6a43242303f8102b,mcad-sensitivity-e2.1-objective-count-v2,5,5,5,0,813ede191d5aa347f4bea6367149d32eca754154c69165b893c3f3c76fbefc80,8,40,120,40,160,80,160,320,0.5,0.5,union_requirement_sets,245,240
objective_count_stage10_c8_nv32,objective_count,5,6,618554674,O_OBJECTIVE_COUNT_STAGE10_C8_NV32_OBJECTIVE_COUNT_L5_R006_OBJ0001,instances/level_000005/rep_006_seed_618554674,8,8,32,32,94f1c18549a3786935ff1d62e1f7595b505b9123441f2107afc2aa140ba8cc2a,47be69d283110d2ab12d005e6232706d022b25f93e16eb8631b8d7bf226745e5,mcad-sensitivity-e2.1-objective-count-v2,5,5,5,0,e93a27110c6a00befb6250525c868d7a50fef8c7065d5a0b7c5a6b3af32c0f12,8,40,120,40,160,80,160,320,0.5,0.5,union_requirement_sets,245,240
objective_count_stage10_c8_nv32,objective_count,5,7,1363159082,O_OBJECTIVE_COUNT_STAGE10_C8_NV32_OBJECTIVE_COUNT_L5_R007_OBJ0001,instances/level_000005/rep_007_seed_1363159082,8,8,32,32,9209a703e28fd9a045e64ab016e0feda661d75b5b3ddd80d800b85542990865d,7d547830119b67e4d0d3b7d9ac67f8560ecdb9de4a9c718333221d223d0e18ae,mcad-sensitivity-e2.1-objective-count-v2,5,5,5,0,8611c0709bbb3227a973fd7fd50027bf2db8ced95c2b6187612844215a7fff50,8,40,120,40,160,80,160,320,0.5,0.5,union_requirement_sets,245,240
objective_count_stage10_c8_nv32,objective_count,5,8,874332939,O_OBJECTIVE_COUNT_STAGE10_C8_NV32_OBJECTIVE_COUNT_L5_R008_OBJ0001,instances/level_000005/rep_008_seed_874332939,8,8,32,32,1cdc3cc0503d2197c439778117e975a927c35f5f49d16acec8c6efec95b9bbd8,773b3218381656b4d6af5b52c71527a4e68d0694dfc628c87386317ecddf8d32,mcad-sensitivity-e2.1-objective-count-v2,5,5,5,0,d3253fe65f24e582b4cc39a77d003ded60911c7d94bc9cb415e0076d2bc5ae3b,8,40,120,40,160,80,160,320,0.5,0.5,union_requirement_sets,245,240
objective_count_stage10_c8_nv32,objective_count,5,9,1767972531,O_OBJECTIVE_COUNT_STAGE10_C8_NV32_OBJECTIVE_COUNT_L5_R009_OBJ0001,instances/level_000005/rep_009_seed_1767972531,8,8,32,32,bed27b3a46449efdd17473ce35b95348451efa02ba17a6ca5461f42fb5e5998d,34c62a2e3bcc0e7e4caaa89072023ce36562e010d5209e4bf7e17c0aef2fa24d,mcad-sensitivity-e2.1-objective-count-v2,5,5,5,0,ab5676b63d84e5be388e52ce2115b978cc44e91f89a093f2d80a7354e6b0608c,8,40,120,40,160,80,160,320,0.5,0.5,union_requirement_sets,245,240
objective_count_stage10_c8_nv32,objective_count,10,0,101,O_OBJECTIVE_COUNT_STAGE10_C8_NV32_OBJECTIVE_COUNT_L10_R000_OBJ0001,instances/level_000010/rep_000_seed_101,8,8,32,32,763bc173eaabea56ac9c689b7d5e440afb1315e90619e692dca25c5db663b72a,fa418a7df4b6014683dbb22a806526bfcb20a8f3ad907785dc2be2556dc9c2e5,mcad-sensitivity-e2.1-objective-count-v2,10,10,10,0,9c323d270de7e235b67473caa127927becaca5b27e285fe6580a5fb2c329406b,8,80,240,80,320,160,320,640,0.5,0.5,union_requirement_sets,490,480
objective_count_stage10_c8_nv32,objective_count,10,1,202,O_OBJECTIVE_COUNT_STAGE10_C8_NV32_OBJECTIVE_COUNT_L10_R001_OBJ0001,instances/level_000010/rep_001_seed_202,8,8,32,32,4b2cebb38dbc7e78594884f55fe91a5ba8950768688cff768a559107fb4a955f,90fe02163973251cbb8e9720f8d4202c1632a82263b209a85db50eedae21a296,mcad-sensitivity-e2.1-objective-count-v2,10,10,10,0,4494a7a20b74d62bb9ac4a0cdff3eddc4de6ec1d0ef6fa8f85f2615d14d07b95,8,80,240,80,320,160,320,640,0.5,0.5,union_requirement_sets,490,480
objective_count_stage10_c8_nv32,objective_count,10,2,1198202409,O_OBJECTIVE_COUNT_STAGE10_C8_NV32_OBJECTIVE_COUNT_L10_R002_OBJ0001,instances/level_000010/rep_002_seed_1198202409,8,8,32,32,62da275c7f4ca20b8d6ff2a56614de20a55585c7c17fd3814e534b8ce9c718d7,5b910089dfca5e2028bcf48eaf86adf02c9aed592216fd14946e788731f0022b,mcad-sensitivity-e2.1-objective-count-v2,10,10,10,0,a2558b884eb755bc658dc6a324b9fc7f98a7dd1329eae352f299f6ab4e9b8e47,8,80,240,80,320,160,320,640,0.5,0.5,union_requirement_sets,490,480
objective_count_stage10_c8_nv32,objective_count,10,3,796786883,O_OBJECTIVE_COUNT_STAGE10_C8_NV32_OBJECTIVE_COUNT_L10_R003_OBJ0001,instances/level_000010/rep_003_seed_796786883,8,8,32,32,886e15434fe6fa40279e6669f72678da130602733aa740e86d6a41d6e7f30b7f,a1d8b6ee2d0e2def3e0f1dc815943d6259ce232a17e7b78e0ecdf4ca1bac4645,mcad-sensitivity-e2.1-objective-count-v2,10,10,10,0,a9be03d60fbb2719bbc8044a14a7a04968578dc33f342417dba42fc41d407443,8,80,240,80,320,160,320,640,0.5,0.5,union_requirement_sets,490,480
objective_count_stage10_c8_nv32,objective_count,10,4,1126922093,O_OBJECTIVE_COUNT_STAGE10_C8_NV32_OBJECTIVE_COUNT_L10_R004_OBJ0001,instances/level_000010/rep_004_seed_1126922093,8,8,32,32,11208aa0feac78b71ab8655fc1ed381885e460ff6bd614e1040068839678e60f,50f7e57e9edb8a00b8a1b22b41ce85c60f185705bd883c44b31218f3cb0ad8b4,mcad-sensitivity-e2.1-objective-count-v2,10,10,10,0,2ef93ab3239bb6f22860fa2be008258d5625ff2102a5a8734b242b64ca4b0d31,8,80,240,80,320,160,320,640,0.5,0.5,union_requirement_sets,490,480
objective_count_stage10_c8_nv32,objective_count,10,5,809989256,O_OBJECTIVE_COUNT_STAGE10_C8_NV32_OBJECTIVE_COUNT_L10_R005_OBJ0001,instances/level_000010/rep_005_seed_809989256,8,8,32,32,4c1f50be64c42b51d244e13dcb96dc86c3d5bda2fcb3bd2d27b048c49be97da4,6c054581557abd42ddc7060e191a62644723133e93afa4f1e044be057ef63012,mcad-sensitivity-e2.1-objective-count-v2,10,10,10,0,813ede191d5aa347f4bea6367149d32eca754154c69165b893c3f3c76fbefc80,8,80,240,80,320,160,320,640,0.5,0.5,union_requirement_sets,490,480
objective_count_stage10_c8_nv32,objective_count,10,6,618554674,O_OBJECTIVE_COUNT_STAGE10_C8_NV32_OBJECTIVE_COUNT_L10_R006_OBJ0001,instances/level_000010/rep_006_seed_618554674,8,8,32,32,9b96a292c80454ba44ef8aabe73afa22e3160996639cb4a1e4bf5b46e2ad6663,93beb071c6f3e0d54be8e06f0b85e7b7fc5f04a9a75cd856d79e4ad7e03d944f,mcad-sensitivity-e2.1-objective-count-v2,10,10,10,0,e93a27110c6a00befb6250525c868d7a50fef8c7065d5a0b7c5a6b3af32c0f12,8,80,240,80,320,160,320,640,0.5,0.5,union_requirement_sets,490,480
objective_count_stage10_c8_nv32,objective_count,10,7,1363159082,O_OBJECTIVE_COUNT_STAGE10_C8_NV32_OBJECTIVE_COUNT_L10_R007_OBJ0001,instances/level_000010/rep_007_seed_1363159082,8,8,32,32,37117f6dc56c047800b8a39242bffbc07b7405098a43086fc5bcc4cbbb63b8f7,2854520f71f6832a2a6773823cfa2108b0774eb435a605f1b9681230e917c208,mcad-sensitivity-e2.1-objective-count-v2,10,10,10,0,8611c0709bbb3227a973fd7fd50027bf2db8ced95c2b6187612844215a7fff50,8,80,240,80,320,160,320,640,0.5,0.5,union_requirement_sets,490,480
objective_count_stage10_c8_nv32,objective_count,10,8,874332939,O_OBJECTIVE_COUNT_STAGE10_C8_NV32_OBJECTIVE_COUNT_L10_R008_OBJ0001,instances/level_000010/rep_008_seed_874332939,8,8,32,32,6b25883abbb33a59627d20b44c7a5b6571d693853d9c3a4d3b20daec75bb9827,9b0eaef9acbfc97201bfacfeacf637eade06371ba44277b7e8540a4b19f63e70,mcad-sensitivity-e2.1-objective-count-v2,10,10,10,0,d3253fe65f24e582b4cc39a77d003ded60911c7d94bc9cb415e0076d2bc5ae3b,8,80,240,80,320,160,320,640,0.5,0.5,union_requirement_sets,490,480
objective_count_stage10_c8_nv32,objective_count,10,9,1767972531,O_OBJECTIVE_COUNT_STAGE10_C8_NV32_OBJECTIVE_COUNT_L10_R009_OBJ0001,instances/level_000010/rep_009_seed_1767972531,8,8,32,32,e173273fb784771eb0d16283210630a1aac062933d80e229f98e2f277005b115,2e3794416de781f9468acbe476ac2ea2f28dfc74439bc2467af95e819bd5ddf8,mcad-sensitivity-e2.1-objective-count-v2,10,10,10,0,ab5676b63d84e5be388e52ce2115b978cc44e91f89a093f2d80a7354e6b0608c,8,80,240,80,320,160,320,640,0.5,0.5,union_requirement_sets,490,480
objective_count_stage10_c8_nv32,objective_count,20,0,101,O_OBJECTIVE_COUNT_STAGE10_C8_NV32_OBJECTIVE_COUNT_L20_R000_OBJ0001,instances/level_000020/rep_000_seed_101,8,8,32,32,fbbf06b3ae649a30c03791719cb3a18417483ea4765043908443a97f29028028,b29c85ea93a85b417bb1518594db0a4cea7b331ad4509009cf43af9d5093e31b,mcad-sensitivity-e2.1-objective-count-v2,20,20,20,0,9c323d270de7e235b67473caa127927becaca5b27e285fe6580a5fb2c329406b,8,160,480,160,640,320,640,1280,0.5,0.5,union_requirement_sets,980,960
objective_count_stage10_c8_nv32,objective_count,20,1,202,O_OBJECTIVE_COUNT_STAGE10_C8_NV32_OBJECTIVE_COUNT_L20_R001_OBJ0001,instances/level_000020/rep_001_seed_202,8,8,32,32,ef20c1b3331975ce14e1573c9de4875b73cfa975ac45e3cf7a53f5c4ab7f4230,170d205878d8c69e3db7e9130b427bd8313221318c41640383795e23551b2492,mcad-sensitivity-e2.1-objective-count-v2,20,20,20,0,4494a7a20b74d62bb9ac4a0cdff3eddc4de6ec1d0ef6fa8f85f2615d14d07b95,8,160,480,160,640,320,640,1280,0.5,0.5,union_requirement_sets,980,960
objective_count_stage10_c8_nv32,objective_count,20,2,1198202409,O_OBJECTIVE_COUNT_STAGE10_C8_NV32_OBJECTIVE_COUNT_L20_R002_OBJ0001,instances/level_000020/rep_002_seed_1198202409,8,8,32,32,717e068f7f094ecdeabeceb7da8fdddf930432550bfcaf79113272d909e03cf2,b1642c08c94318e22900779d28c5119751e22a9555c05c73d4363d636982f67d,mcad-sensitivity-e2.1-objective-count-v2,20,20,20,0,a2558b884eb755bc658dc6a324b9fc7f98a7dd1329eae352f299f6ab4e9b8e47,8,160,480,160,640,320,640,1280,0.5,0.5,union_requirement_sets,980,960
objective_count_stage10_c8_nv32,objective_count,20,3,796786883,O_OBJECTIVE_COUNT_STAGE10_C8_NV32_OBJECTIVE_COUNT_L20_R003_OBJ0001,instances/level_000020/rep_003_seed_796786883,8,8,32,32,b08e64b77dd8fc77a9bb16265834a0810e74efc16b0f1b3a4bd74c7f0357590d,b31aa449758d22f9154b73f296d564ed71b104501b7dc46bd028945e0e79b736,mcad-sensitivity-e2.1-objective-count-v2,20,20,20,0,a9be03d60fbb2719bbc8044a14a7a04968578dc33f342417dba42fc41d407443,8,160,480,160,640,320,640,1280,0.5,0.5,union_requirement_sets,980,960
objective_count_stage10_c8_nv32,objective_count,20,4,1126922093,O_OBJECTIVE_COUNT_STAGE10_C8_NV32_OBJECTIVE_COUNT_L20_R004_OBJ0001,instances/level_000020/rep_004_seed_1126922093,8,8,32,32,c364f4a8d2b2ed934b9df50c37bcf74af84377b31583b42b4218c678767db79d,d6d1bdb3a36ee51966d359ff6b8a7c098deb3dc95a7f5482d5ff056ac1e17c7f,mcad-sensitivity-e2.1-objective-count-v2,20,20,20,0,2ef93ab3239bb6f22860fa2be008258d5625ff2102a5a8734b242b64ca4b0d31,8,160,480,160,640,320,640,1280,0.5,0.5,union_requirement_sets,980,960
objective_count_stage10_c8_nv32,objective_count,20,5,809989256,O_OBJECTIVE_COUNT_STAGE10_C8_NV32_OBJECTIVE_COUNT_L20_R005_OBJ0001,instances/level_000020/rep_005_seed_809989256,8,8,32,32,242fc8dfe9f714c046b8f878edc22b4a06f7ab74b65030198dc48aff43058bfd,983aa4e5a83676dd692f76d0235c3b39745530fdfcd3c3447eff6f5515e10bc5,mcad-sensitivity-e2.1-objective-count-v2,20,20,20,0,813ede191d5aa347f4bea6367149d32eca754154c69165b893c3f3c76fbefc80,8,160,480,160,640,320,640,1280,0.5,0.5,union_requirement_sets,980,960
objective_count_stage10_c8_nv32,objective_count,20,6,618554674,O_OBJECTIVE_COUNT_STAGE10_C8_NV32_OBJECTIVE_COUNT_L20_R006_OBJ0001,instances/level_000020/rep_006_seed_618554674,8,8,32,32,3130eb7ca1d9aa771edd2c0ff147943fc7f2c29d1a22d925f16c0bf19c866231,99cba94bd01ec25547ad1770830079f8fdeb793bd379211cd83ee2c3d752e00b,mcad-sensitivity-e2.1-objective-count-v2,20,20,20,0,e93a27110c6a00befb6250525c868d7a50fef8c7065d5a0b7c5a6b3af32c0f12,8,160,480,160,640,320,640,1280,0.5,0.5,union_requirement_sets,980,960
objective_count_stage10_c8_nv32,objective_count,20,7,1363159082,O_OBJECTIVE_COUNT_STAGE10_C8_NV32_OBJECTIVE_COUNT_L20_R007_OBJ0001,instances/level_000020/rep_007_seed_1363159082,8,8,32,32,1bc24dddea6dfdf9a0aabc0715903aefd8d369a7dd276d70c4c6ce28668d7002,c67fdab749788977f1cb14bade4b07bb88a647883491f5b848681fc5cb5bc5b1,mcad-sensitivity-e2.1-objective-count-v2,20,20,20,0,8611c0709bbb3227a973fd7fd50027bf2db8ced95c2b6187612844215a7fff50,8,160,480,160,640,320,640,1280,0.5,0.5,union_requirement_sets,980,960
objective_count_stage10_c8_nv32,objective_count,20,8,874332939,O_OBJECTIVE_COUNT_STAGE10_C8_NV32_OBJECTIVE_COUNT_L20_R008_OBJ0001,instances/level_000020/rep_008_seed_874332939,8,8,32,32,7e7e5cda321c36ff433b928113518408adc0b797bd95fae93c58b3488f8b825a,2555a075e4182c1f8d158beccf93bd44faf32c3c4447eeb201ee6c99dab8caca,mcad-sensitivity-e2.1-objective-count-v2,20,20,20,0,d3253fe65f24e582b4cc39a77d003ded60911c7d94bc9cb415e0076d2bc5ae3b,8,160,480,160,640,320,640,1280,0.5,0.5,union_requirement_sets,980,960
objective_count_stage10_c8_nv32,objective_count,20,9,1767972531,O_OBJECTIVE_COUNT_STAGE10_C8_NV32_OBJECTIVE_COUNT_L20_R009_OBJ0001,instances/level_000020/rep_009_seed_1767972531,8,8,32,32,28fd7670bf577838d652b7bc2c30fcb6d341b4933153ae2efe18051322052d25,ff0ee8c365570a66de8cdde4a5c357bd81d57628334eda8174f31682d629ad17,mcad-sensitivity-e2.1-objective-count-v2,20,20,20,0,ab5676b63d84e5be388e52ce2115b978cc44e91f89a093f2d80a7354e6b0608c,8,160,480,160,640,320,640,1280,0.5,0.5,union_requirement_sets,980,960
objective_count_stage10_c8_nv32,objective_count,50,0,101,O_OBJECTIVE_COUNT_STAGE10_C8_NV32_OBJECTIVE_COUNT_L50_R000_OBJ0001,instances/level_000050/rep_000_seed_101,8,8,32,32,f3063a2ab1b7825d07edb5a806ab81767f728553c675ee351ab5925d071033e3,5ccb03d2f931cc5e230a2382d2378968f8a1940caeccf0dc68dca8a61eb3fd9f,mcad-sensitivity-e2.1-objective-count-v2,50,50,50,0,9c323d270de7e235b67473caa127927becaca5b27e285fe6580a5fb2c329406b,8,400,1200,400,1600,800,1600,3200,0.5,0.5,union_requirement_sets,2450,2400
objective_count_stage10_c8_nv32,objective_count,50,1,202,O_OBJECTIVE_COUNT_STAGE10_C8_NV32_OBJECTIVE_COUNT_L50_R001_OBJ0001,instances/level_000050/rep_001_seed_202,8,8,32,32,825264323fac15b29f60e8f6d86943e16bf5bd127301559b6df7e151b0652e96,7a956a5eddc3d48dd077a739eea8c7e576f6c1ac6a64da123f5656f7b4be6683,mcad-sensitivity-e2.1-objective-count-v2,50,50,50,0,4494a7a20b74d62bb9ac4a0cdff3eddc4de6ec1d0ef6fa8f85f2615d14d07b95,8,400,1200,400,1600,800,1600,3200,0.5,0.5,union_requirement_sets,2450,2400
objective_count_stage10_c8_nv32,objective_count,50,2,1198202409,O_OBJECTIVE_COUNT_STAGE10_C8_NV32_OBJECTIVE_COUNT_L50_R002_OBJ0001,instances/level_000050/rep_002_seed_1198202409,8,8,32,32,66ae06bb655fe3abcd143af9696ba764fb74e77d085bd8e43c88d0512cf6be0e,4c6f60c6e4aa528b65f02d99cc3cdfd9564ae07250147813a054a77464ae0476,mcad-sensitivity-e2.1-objective-count-v2,50,50,50,0,a2558b884eb755bc658dc6a324b9fc7f98a7dd1329eae352f299f6ab4e9b8e47,8,400,1200,400,1600,800,1600,3200,0.5,0.5,union_requirement_sets,2450,2400
objective_count_stage10_c8_nv32,objective_count,50,3,796786883,O_OBJECTIVE_COUNT_STAGE10_C8_NV32_OBJECTIVE_COUNT_L50_R003_OBJ0001,instances/level_000050/rep_003_seed_796786883,8,8,32,32,2b4858e9c37a6a6d120592911408bb1dc5ba10fb40b8c8a0d72d3afc4e329164,685452046d386f497990843981f40a5dfdef598b09b9ff1a2b2c46b8bd71242e,mcad-sensitivity-e2.1-objective-count-v2,50,50,50,0,a9be03d60fbb2719bbc8044a14a7a04968578dc33f342417dba42fc41d407443,8,400,1200,400,1600,800,1600,3200,0.5,0.5,union_requirement_sets,2450,2400
objective_count_stage10_c8_nv32,objective_count,50,4,1126922093,O_OBJECTIVE_COUNT_STAGE10_C8_NV32_OBJECTIVE_COUNT_L50_R004_OBJ0001,instances/level_000050/rep_004_seed_1126922093,8,8,32,32,e996de6aa349125e555160d2d7205e4295a8960de6cf9cd8c0bad22a7ff55c0f,6a84167323d4cb12d9bb12a78f5baf6898c970a4bc249527852ceb77805c7a0d,mcad-sensitivity-e2.1-objective-count-v2,50,50,50,0,2ef93ab3239bb6f22860fa2be008258d5625ff2102a5a8734b242b64ca4b0d31,8,400,1200,400,1600,800,1600,3200,0.5,0.5,union_requirement_sets,2450,2400
objective_count_stage10_c8_nv32,objective_count,50,5,809989256,O_OBJECTIVE_COUNT_STAGE10_C8_NV32_OBJECTIVE_COUNT_L50_R005_OBJ0001,instances/level_000050/rep_005_seed_809989256,8,8,32,32,5b3169b3f9d8e16f289f5788ae8811bb87c9468945ba8f8646ce0f7e194503dd,489c448f96da26e0b76771534c071c3b5fd6dc20c9794a52f546f6f9e6eb414f,mcad-sensitivity-e2.1-objective-count-v2,50,50,50,0,813ede191d5aa347f4bea6367149d32eca754154c69165b893c3f3c76fbefc80,8,400,1200,400,1600,800,1600,3200,0.5,0.5,union_requirement_sets,2450,2400
objective_count_stage10_c8_nv32,objective_count,50,6,618554674,O_OBJECTIVE_COUNT_STAGE10_C8_NV32_OBJECTIVE_COUNT_L50_R006_OBJ0001,instances/level_000050/rep_006_seed_618554674,8,8,32,32,d1d1d9aac1c00364e506aebaba32bfe46c963d06ddeda5ecad60f80f5815f3b7,31bda73f69a96c6486996b8533af3e52ff7de2ce0b7ebbf7a51334ce37c7bf00,mcad-sensitivity-e2.1-objective-count-v2,50,50,50,0,e93a27110c6a00befb6250525c868d7a50fef8c7065d5a0b7c5a6b3af32c0f12,8,400,1200,400,1600,800,1600,3200,0.5,0.5,union_requirement_sets,2450,2400
objective_count_stage10_c8_nv32,objective_count,50,7,1363159082,O_OBJECTIVE_COUNT_STAGE10_C8_NV32_OBJECTIVE_COUNT_L50_R007_OBJ0001,instances/level_000050/rep_007_seed_1363159082,8,8,32,32,d090de4f893631048137c9a8129b94ec69d73241f0606647165f986d6fa280bd,ad7f6f242a9e75354f53bbcfba33f9b0fcb8d3d3b0ca9226a96a915ece46971c,mcad-sensitivity-e2.1-objective-count-v2,50,50,50,0,8611c0709bbb3227a973fd7fd50027bf2db8ced95c2b6187612844215a7fff50,8,400,1200,400,1600,800,1600,3200,0.5,0.5,union_requirement_sets,2450,2400
objective_count_stage10_c8_nv32,objective_count,50,8,874332939,O_OBJECTIVE_COUNT_STAGE10_C8_NV32_OBJECTIVE_COUNT_L50_R008_OBJ0001,instances/level_000050/rep_008_seed_874332939,8,8,32,32,738ff5a0f8351c6ddc127ff7b659085c4383e5716eb6c34ad4c05662cc0ccbcf,d3c44d540ebe471f7438ccad38d52027ce3f3b86f9ee65d783d178555d65c13e,mcad-sensitivity-e2.1-objective-count-v2,50,50,50,0,d3253fe65f24e582b4cc39a77d003ded60911c7d94bc9cb415e0076d2bc5ae3b,8,400,1200,400,1600,800,1600,3200,0.5,0.5,union_requirement_sets,2450,2400
objective_count_stage10_c8_nv32,objective_count,50,9,1767972531,O_OBJECTIVE_COUNT_STAGE10_C8_NV32_OBJECTIVE_COUNT_L50_R009_OBJ0001,instances/level_000050/rep_009_seed_1767972531,8,8,32,32,cce4fcc0f3d88a703234e72a625ae467969238b0fb2747ce73df054813f0279c,bc85f9ae0abd750318a1c3fd7109c2e5ffae73917f222be8459cabbea0dc635e,mcad-sensitivity-e2.1-objective-count-v2,50,50,50,0,ab5676b63d84e5be388e52ce2115b978cc44e91f89a093f2d80a7354e6b0608c,8,400,1200,400,1600,800,1600,3200,0.5,0.5,union_requirement_sets,2450,2400
