factor,factor_level,step_index,structural_seed_count,measurements_per_seed,observation_count,bootstrap_repetitions,bootstrap_seed,confidence_level,point_median_ms,median_ci_lower_ms,median_ci_upper_ms,median_relative_half_width,point_p95_ms,p95_ci_lower_ms,p95_ci_upper_ms,p95_relative_half_width,maximum_leave_one_seed_out_median_relative_change,maximum_leave_one_seed_out_p95_relative_change,median_precision_target,p95_precision_target,median_target_met,p95_target_met,all_cell_targets_met
objective_count,1,1,20,100,2000,10000,20270828,0.95,0.523875,0.5066627499999999,0.5331493749999999,0.025279527559055107,0.9253389999999999,0.845627,0.9751623499999998,0.06999345645217582,0.004016225244571691,0.03062369574826092,0.1,0.15,True,True,True
objective_count,1,2,20,100,2000,10000,20270928,0.95,0.4647425,0.4570565,0.470959,0.014957207485865872,0.8630922999999997,0.7837153537499999,0.9114260999999999,0.0739844083014065,0.002639095843397072,0.03414061277107889,0.1,0.15,True,True,True
objective_count,1,3,20,100,2000,10000,20271028,0.95,0.44863200000000003,0.43572900000000003,0.455774,0.022340136236380797,0.8288406,0.7673646662499999,0.87052,0.062228692555601206,0.004252928903867804,0.03278772782124837,0.1,0.15,True,True,True
objective_count,1,4,20,100,2000,10000,20271128,0.95,0.444996,0.434642675,0.450619275,0.01795139731593094,0.8198576499999999,0.767992,0.857428,0.05454361497999072,0.0028269917032962923,0.01941221137596257,0.1,0.15,True,True,True
objective_count,1,5,20,100,2000,10000,20271228,0.95,0.440732,0.43215875000000004,0.44745334999999997,0.017351360917745858,0.83450495,0.7700139500000001,0.872611,0.061471804331418266,0.0030993891979705997,0.03881325089803248,0.1,0.15,True,True,True
objective_count,1,6,20,100,2000,10000,20271328,0.95,0.4325155,0.41167750000000003,0.446956,0.040782931478756244,0.81015365,0.7161220500000001,0.8827393499999998,0.10283067909402109,0.00857079110459616,0.031091633050101212,0.1,0.15,True,True,True
objective_count,1,7,20,100,2000,10000,20271428,0.95,0.43317649999999996,0.4175951875,0.44209350000000003,0.02827751794014681,0.7858375999999999,0.7394737687499999,0.84411995,0.0665825745993829,0.005137628657140892,0.014263761367488543,0.1,0.15,True,True,True
objective_count,1,8,20,100,2000,10000,20271528,0.95,0.43624850000000004,0.4223594,0.442892,0.023533146818842943,0.83620895,0.7672711999999999,0.8673380999999999,0.059833669563091836,0.003444137916806504,0.009999235238991527,0.1,0.15,True,True,True
objective_count,1,9,20,100,2000,10000,20271628,0.95,0.43050299999999997,0.412524,0.439515,0.031348213601298934,0.7941545499999999,0.7108368537499997,0.849087,0.08704234348968996,0.006286831915224879,0.032478438863065145,0.1,0.15,True,True,True
objective_count,1,10,20,100,2000,10000,20271728,0.95,0.434031,0.412589625,0.448415,0.04127052560761788,0.8088141999999998,0.74194865,0.863606,0.0752072292993867,0.006765645771845809,0.038971064058964326,0.1,0.15,True,True,True
objective_count,1,11,20,100,2000,10000,20271828,0.95,0.4354715,0.4177778375,0.4429204375,0.02886824970176,0.8056759,0.7412118,0.871563,0.08089555614112325,0.0038441092011762164,0.027130015928241175,0.1,0.15,True,True,True
objective_count,1,12,20,100,2000,10000,20271928,0.95,0.4182715,0.337372,0.44078718749999996,0.12362208218824369,0.8362708499999999,0.6860469999999997,0.89216222125,0.1232347278695654,0.01285648197402878,0.04973029969895514,0.1,0.15,False,True,False
objective_count,1,13,20,100,2000,10000,20272028,0.95,0.409507,0.315199,0.42739950000000004,0.13699460570881578,0.7368022999999999,0.6405109999999999,0.8232088499999998,0.12398023866103557,0.0040890631906169315,0.02460252906376636,0.1,0.15,False,True,False
objective_count,1,14,20,100,2000,10000,20272128,0.95,0.42976400000000003,0.41553745,0.437454,0.025498354911067507,0.81339025,0.7589414449999999,0.8527324,0.05765433935309651,0.004252333839037325,0.01779127546709582,0.1,0.15,True,True,True
objective_count,1,15,20,100,2000,10000,20272228,0.95,0.433195,0.411992,0.4432823875,0.0361158225510451,0.8118723499999999,0.703992,0.859969,0.09606005180494202,0.0067890903634621165,0.03181928784740593,0.1,0.15,True,True,True
objective_count,1,16,20,100,2000,10000,20272328,0.95,0.43413999999999997,0.41982600000000003,0.44163206250000003,0.025114090500760126,0.8061343499999999,0.744553975,0.854544,0.06822065391457392,0.005152715713824881,0.0214073497798476,0.1,0.15,True,True,True
objective_count,1,17,20,100,2000,10000,20272428,0.95,0.4228825,0.406226,0.440898,0.0409948389919186,0.7652971499999999,0.6924872762499997,0.8450210999999999,0.09965659989064389,0.005484975140848757,0.025754244609430356,0.1,0.15,True,True,True
objective_count,1,18,20,100,2000,10000,20272528,0.95,0.41726399999999997,0.2873382125,0.4382835,0.18087504253901604,0.7831646999999999,0.53423797375,0.849289,0.2011397004040146,0.00953712757390997,0.03402802756559369,0.1,0.15,False,False,False
objective_count,1,19,20,100,2000,10000,20272628,0.95,0.4377315,0.4197313125,0.4486925875,0.03308109537467604,0.79661935,0.7314780999999999,0.882391,0.09472083498850495,0.007334404766392195,0.03133579419078887,0.1,0.15,True,True,True
objective_count,1,20,20,100,2000,10000,20272728,0.95,0.4839625,0.460098,0.500228275,0.04146010796291034,0.9016238999999999,0.826655,0.975392,0.0824828401287943,0.009486272180179273,0.048612342685237356,0.1,0.15,True,True,True
objective_count,1,21,20,100,2000,10000,20272828,0.95,0.4309675,0.4154055,0.443095,0.03212481219581527,0.75345995,0.6631905499999998,0.826568,0.10841813821690201,0.006021335715570232,0.02315730252152084,0.1,0.15,True,True,True
objective_count,1,22,20,100,2000,10000,20272928,0.95,0.42374100000000003,0.3362178125000007,0.4388705,0.12112668764646244,0.7697234499999999,0.6706857999999998,0.849715,0.11629449512029304,0.004557028939847597,0.026557135553035145,0.1,0.15,False,True,False
objective_count,1,23,20,100,2000,10000,20273028,0.95,0.4209895,0.3596115375000002,0.442761025,0.09875482345759191,0.7328235,0.5254972862499994,0.822134,0.2023930139726692,0.005932451997021401,0.029245582326440023,0.1,0.15,True,False,False
objective_count,1,24,20,100,2000,10000,20273128,0.95,0.4333,0.408023,0.442265,0.03951303946457419,0.7905471999999999,0.6930393499999999,0.8532662999999999,0.10133926854715317,0.006419339949226845,0.03221755766132614,0.1,0.15,True,True,True
objective_count,1,25,20,100,2000,10000,20273228,0.95,0.4298315,0.4134324375,0.44522636250000003,0.036984172867740035,0.78624945,0.7320053,0.850924,0.07562402746354865,0.007543653734079474,0.021513274190525816,0.1,0.15,True,True,True
objective_count,1,26,20,100,2000,10000,20273328,0.95,0.432395,0.3826221875000001,0.44379,0.0707314058904473,0.77258805,0.6042472499999992,0.851026,0.15970914253721677,0.010548225580776666,0.03230026661686012,0.1,0.15,True,False,False
objective_count,1,27,20,100,2000,10000,20273428,0.95,0.44165350000000003,0.4113985,0.449943,0.04363658388306668,0.8488948499999999,0.7290831499999997,0.8985289000000001,0.09980373305362875,0.005173739141657388,0.05015880353143846,0.1,0.15,True,True,True
objective_count,1,28,20,100,2000,10000,20273528,0.95,0.4328385,0.405305,0.44851850000000004,0.04991873412369743,0.7868318499999999,0.5669610462499999,0.8656883999999999,0.1898292206587723,0.01141649830132945,0.035344781734496546,0.1,0.15,True,False,False
objective_count,1,29,20,100,2000,10000,20273628,0.95,0.4249545,0.4023285,0.44567407499999995,0.05100025414485547,0.771351,0.71883495,0.8414022499999999,0.07944975763303602,0.010385817775785311,0.022462082761285123,0.1,0.15,True,True,True
objective_count,1,30,20,100,2000,10000,20273728,0.95,0.439706,0.42052357500000004,0.451096075,0.034764706417469794,0.7948147,0.7489892499999999,0.8716336499999999,0.07715282568377257,0.004422273064274675,0.022316899775507455,0.1,0.15,True,True,True
objective_count,1,31,20,100,2000,10000,20273828,0.95,0.4358595,0.401606,0.4478175875,0.05301202279633687,0.75005675,0.5184788499999999,0.860142,0.22775819962956137,0.008549773493522617,0.03610686791366142,0.1,0.15,True,False,False
objective_count,1,32,20,100,2000,10000,20273928,0.95,0.43490150000000005,0.4120425,0.446868,0.040038376505944454,0.8033665999999999,0.72706405,0.864532,0.08555742173000472,0.00541042052050878,0.03922138411031788,0.1,0.15,True,True,True
objective_count,2,1,20,100,2000,10000,20280828,0.95,0.5288535000000001,0.5125815,0.538279,0.02429548069550445,0.9207516499999999,0.8336496499999999,0.95330731875,0.06497825377233919,0.003185192118421957,0.029890904892757995,0.1,0.15,True,True,True
objective_count,2,2,20,100,2000,10000,20280928,0.95,0.46721250000000003,0.459813875,0.47269301249999995,0.013782954758273772,0.8821943499999998,0.8212298662499998,0.92273795,0.057531587994187575,0.0031420392219814854,0.022341505587742495,0.1,0.15,True,True,True
objective_count,2,3,20,100,2000,10000,20281028,0.95,0.4481695,0.435624,0.4547835,0.02137528323547229,0.8422431499999999,0.7740818499999998,0.886879,0.06696234335654741,0.0034808258928820585,0.03137953689501665,0.1,0.15,True,True,True
objective_count,2,4,20,100,2000,10000,20281128,0.95,0.4474205,0.43541349999999995,0.454706,0.02155969608008579,0.86958735,0.7834617999999999,0.8988756,0.06636124594038777,0.0032486218222008076,0.018638150612471455,0.1,0.15,True,True,True
objective_count,2,5,20,100,2000,10000,20281228,0.95,0.44255900000000004,0.4349896875,0.4489341625,0.015754368344107803,0.8337704499999999,0.767434,0.862896,0.057247171568625424,0.0029871723318247857,0.018019827879484022,0.1,0.15,True,True,True
objective_count,2,6,20,100,2000,10000,20281328,0.95,0.43595399999999995,0.41354316249999995,0.44700728749999996,0.038380339439482165,0.80168815,0.7202919225000001,0.8748347,0.09638584373487365,0.006145143753698756,0.022703715902499103,0.1,0.15,True,True,True
objective_count,2,7,20,100,2000,10000,20281428,0.95,0.4311955,0.417337,0.44068352499999996,0.02707185603745859,0.7861887999999998,0.73927221375,0.845327,0.06744867533727275,0.00464174602935325,0.018460832817765727,0.1,0.15,True,True,True
objective_count,2,8,20,100,2000,10000,20281528,0.95,0.486884,0.467274725,0.501954,0.03561348801767979,0.9417340999999999,0.868369,0.9711561,0.054573313210172614,0.005609138932476696,0.024907986235180396,0.1,0.15,True,True,True
objective_count,2,9,20,100,2000,10000,20281628,0.95,0.4378515,0.41803595000000005,0.4499945,0.036494736229063934,0.8624274499999999,0.76138039625,0.957144,0.11349569389865782,0.0044078871489535675,0.06695641471059388,0.1,0.15,True,True,True
objective_count,2,10,20,100,2000,10000,20281728,0.95,0.4343705,0.4124611875,0.447812,0.04069200429126747,0.7791351,0.708209,0.8483244799999975,0.0899173198589035,0.009387147607860137,0.029423331075701827,0.1,0.15,True,True,True
objective_count,2,11,20,100,2000,10000,20281828,0.95,0.435527,0.419616425,0.4418921,0.02557324230185499,0.809019,0.7433573,0.8515344499999999,0.06685698976167428,0.003653045620593004,0.023454764350404694,0.1,0.15,True,True,True
objective_count,2,12,20,100,2000,10000,20281928,0.95,0.420736,0.3746339750000003,0.44101349999999995,0.07888500746311186,0.7854445999999999,0.706169,0.8564298999999999,0.09565340445398683,0.012003964481289962,0.02889198041465941,0.1,0.15,True,True,True
objective_count,2,13,20,100,2000,10000,20282028,0.95,0.41104850000000004,0.314847,0.4280326875,0.1376792367567331,0.7342322,0.606858,0.796194,0.12893468850862164,0.004672198049621861,0.026989350235525077,0.1,0.15,False,True,False
objective_count,2,14,20,100,2000,10000,20282128,0.95,0.43094049999999995,0.416595,0.438445,0.025351527647088153,0.8119255999999998,0.765572,0.8586950999999999,0.057347064804952524,0.0030526255944846796,0.025086042366443226,0.1,0.15,True,True,True
objective_count,2,15,20,100,2000,10000,20282228,0.95,0.43299350000000003,0.41008764999999997,0.4426880375,0.03764535437598953,0.8094608999999999,0.737153,0.863039,0.07775916044863937,0.005583224690439836,0.030329939346051098,0.1,0.15,True,True,True
objective_count,2,16,20,100,2000,10000,20282328,0.95,0.4338455,0.4195115,0.442056,0.025982175682356994,0.8088795999999999,0.74732,0.8563495999999999,0.06739544426636546,0.004347169672152744,0.018440692533227436,0.1,0.15,True,True,True
objective_count,2,17,20,100,2000,10000,20282428,0.95,0.42582,0.40832749999999995,0.444858,0.04289429806021326,0.7882417,0.71123775,0.88363885,0.10935801797849566,0.006924287257526703,0.020295741775650984,0.1,0.15,True,True,True
objective_count,2,18,20,100,2000,10000,20282528,0.95,0.4173325,0.281437,0.438334,0.1879760143291021,0.7451402999999999,0.49850848124999986,0.8374319499999999,0.22742258655853143,0.01052398267568414,0.03261546852317599,0.1,0.15,False,False,False
objective_count,2,19,20,100,2000,10000,20282628,0.95,0.43148,0.417428,0.444238625,0.031068212895151548,0.7683624999999998,0.726655,0.85463966625,0.08328403992256257,0.006349077593399476,0.02392392913501092,0.1,0.15,True,True,True
objective_count,2,20,20,100,2000,10000,20282728,0.95,0.4381135,0.419234,0.45005,0.03516896877179088,0.8145352499999998,0.7318015137499999,0.867581,0.08334782702774383,0.005382166949888617,0.03968115560376289,0.1,0.15,True,True,True
objective_count,2,21,20,100,2000,10000,20282828,0.95,0.425115,0.40675221250000004,0.438670575,0.03754085659174572,0.7494609999999999,0.6442898812499999,0.811243,0.11138212578773292,0.0047257800830363145,0.012770777932407428,0.1,0.15,True,True,True
objective_count,2,22,20,100,2000,10000,20282928,0.95,0.420927,0.3126555625,0.436386,0.14697374782325678,0.7747141,0.7168092,0.84749069,0.08434175265430174,0.0043855585410297136,0.026359014247965745,0.1,0.15,False,True,False
objective_count,2,23,20,100,2000,10000,20283028,0.95,0.4194995,0.371873,0.44272217499999994,0.08444488610832662,0.77457225,0.67101303625,0.8503613499999998,0.11577248846056636,0.00738141523410623,0.03568995661799147,0.1,0.15,True,True,True
objective_count,2,24,20,100,2000,10000,20283128,0.95,0.432321,0.4093086375,0.441368,0.03707819247734897,0.7597589999999999,0.535223,0.8521645999999999,0.20858035245387024,0.0071439971687704135,0.0324708229846568,0.1,0.15,True,False,False
objective_count,2,25,20,100,2000,10000,20283228,0.95,0.4298885,0.4129115,0.4435954125,0.03568822206223244,0.7772713499999999,0.70508955,0.8497115499999999,0.0930318607523614,0.006851776681628016,0.02022672005085487,0.1,0.15,True,True,True
objective_count,2,26,20,100,2000,10000,20283328,0.95,0.43581349999999996,0.40720217500000006,0.4459295,0.044431075448557615,0.78751125,0.691232,0.850748,0.10127855316352623,0.006445417592616912,0.014564363366237726,0.1,0.15,True,True,True
objective_count,2,27,20,100,2000,10000,20283428,0.95,0.4410565,0.412577725,0.449129,0.04143604617548998,0.84608695,0.710237,0.8903335087500001,0.10642907844755202,0.00375235372338922,0.027254763827760414,0.1,0.15,True,True,True
objective_count,2,28,20,100,2000,10000,20283528,0.95,0.43028449999999996,0.4012095,0.446186,0.052263676706923015,0.7753128999999999,0.6786514999999993,0.834382,0.10043074222033498,0.013094824470786288,0.021462882921205,0.1,0.15,True,True,True
objective_count,2,29,20,100,2000,10000,20283628,0.95,0.424431,0.40473800000000004,0.445027225,0.04746263232421758,0.7719542999999999,0.6695442499999988,0.84251985,0.11203746128494986,0.00721436464348742,0.029295451816253773,0.1,0.15,True,True,True
objective_count,2,30,20,100,2000,10000,20283728,0.95,0.43743849999999995,0.4183702625,0.4485371625,0.03448130422905163,0.8075491,0.7454337175,0.879023,0.08271279263390921,0.004152583734627963,0.028943441333784067,0.1,0.15,True,True,True
objective_count,2,31,20,100,2000,10000,20283828,0.95,0.4364295,0.3993296375,0.4475290125,0.055220115734614626,0.7920595,0.5567602499999998,0.871057,0.1984047599959347,0.00921225535854024,0.037530640059238236,0.1,0.15,True,False,False
objective_count,2,32,20,100,2000,10000,20283928,0.95,0.43878249999999996,0.4156528875,0.450368,0.039558451510714285,0.8111830499999999,0.7385483,0.870453,0.08130390545019402,0.005110732538330324,0.015793845791033073,0.1,0.15,True,True,True
objective_count,5,1,20,100,2000,10000,20310828,0.95,0.5359389999999999,0.52153665,0.5449647875000001,0.02185709334457845,0.9097619,0.8439141187500006,0.957171,0.06224534202300593,0.003330602923094135,0.023497082038718104,0.1,0.15,True,True,True
objective_count,5,2,20,100,2000,10000,20310928,0.95,0.46762950000000003,0.459637,0.473247,0.014552118717916594,0.88194165,0.8122978499999999,0.914426,0.05789960707718027,0.0030312458901757917,0.027815955851501217,0.1,0.15,True,True,True
objective_count,5,3,20,100,2000,10000,20311028,0.95,0.450728,0.4391007,0.4579315,0.020889316838536745,0.86095285,0.789279,0.88983,0.05839518389421677,0.003735068600131476,0.02563311103505862,0.1,0.15,True,True,True
objective_count,5,4,20,100,2000,10000,20311128,0.95,0.44536,0.4355276625,0.4511995875,0.017594670603556645,0.8143393,0.75872,0.862131,0.06349380411825883,0.0025642177115142275,0.02742296730613395,0.1,0.15,True,True,True
objective_count,5,5,20,100,2000,10000,20311228,0.95,0.4429335,0.43447335000000004,0.448682,0.01603925871490866,0.8339937000000001,0.765786,0.87221085,0.06380434888177214,0.0024450622949041905,0.015877338162146877,0.1,0.15,True,True,True
objective_count,5,6,20,100,2000,10000,20311328,0.95,0.43752199999999997,0.415667725,0.44929505000000003,0.03842929612682339,0.8523206999999999,0.749905,0.886484,0.08012183676871863,0.007880746568172588,0.04049631787659272,0.1,0.15,True,True,True
objective_count,5,7,20,100,2000,10000,20311428,0.95,0.434081,0.4213055,0.443000175,0.02498920132417682,0.7992276499999996,0.73677335,0.86586,0.080757122204168,0.004515286317530639,0.02870615149513439,0.1,0.15,True,True,True
objective_count,5,8,20,100,2000,10000,20311528,0.95,0.43663799999999997,0.423335,0.443526,0.023120983514948266,0.8179381999999998,0.7495449000000001,0.869253,0.07317673878050934,0.00368382962545623,0.027253648258511298,0.1,0.15,True,True,True
objective_count,5,9,20,100,2000,10000,20311628,0.95,0.431118,0.41255149999999996,0.439751,0.03154530778116437,0.809478,0.7406339,0.8560763499999999,0.07130672482760493,0.006780046298229276,0.02353356113445957,0.1,0.15,True,True,True
objective_count,5,10,20,100,2000,10000,20311728,0.95,0.4337925,0.4123435,0.4475211,0.040546574687206474,0.8081675,0.7185014,0.859524,0.08724837363541592,0.007294962453246689,0.03654551810113625,0.1,0.15,True,True,True
objective_count,5,11,20,100,2000,10000,20311828,0.95,0.435604,0.41865810000000003,0.44279599999999997,0.02770624236692034,0.82586615,0.7513725612499998,0.8887440499999999,0.08316813127042443,0.004207950340217201,0.0342887282642593,0.1,0.15,True,True,True
objective_count,5,12,20,100,2000,10000,20311928,0.95,0.41785,0.3273751625000006,0.4381541,0.13255825954289746,0.77410205,0.61116,0.848929,0.15357729643010248,0.00801364125882488,0.025902786331595495,0.1,0.15,False,False,False
objective_count,5,13,20,100,2000,10000,20312028,0.95,0.4099575,0.31111599999999995,0.429153,0.14396248391601577,0.7236989999999999,0.5913447274999998,0.79269855,0.1391143434632356,0.005224931852691992,0.025336776753871314,0.1,0.15,False,True,False
objective_count,5,14,20,100,2000,10000,20312128,0.95,0.42903650000000004,0.41499452499999995,0.435689,0.024117382786779263,0.823904,0.754193635,0.854475,0.060857433026177785,0.003580114978562646,0.043146410261389656,0.1,0.15,True,True,True
objective_count,5,15,20,100,2000,10000,20312228,0.95,0.43081749999999996,0.41203631250000006,0.44094562499999995,0.033551692421965096,0.7956669499999999,0.7293630499999998,0.8594614499999998,0.08175430687425189,0.006980914192204219,0.023928164918751424,0.1,0.15,True,True,True
objective_count,5,16,20,100,2000,10000,20312328,0.95,0.43226450000000005,0.417365,0.4403065,0.026536414625767325,0.7780380499999999,0.7274609499999999,0.8519526500000001,0.08000360650741967,0.0043977703466278875,0.02093779346652767,0.1,0.15,True,True,True
objective_count,5,17,20,100,2000,10000,20312428,0.95,0.4211605,0.404243,0.43978982499999997,0.042201043307717546,0.7676296,0.696756,0.8497332999999999,0.09964265317543765,0.005614249199533175,0.02909091832831893,0.1,0.15,True,True,True
objective_count,5,18,20,100,2000,10000,20312528,0.95,0.419149,0.282873,0.438215,0.18530641848125612,0.7826442499999999,0.5222874,0.863999,0.21830582668945694,0.009348704160095925,0.03432951816869542,0.1,0.15,False,False,False
objective_count,5,19,20,100,2000,10000,20312628,0.95,0.4297435,0.4158008625,0.4420502375,0.030540746980466278,0.7587184,0.70164915,0.7932469499999999,0.06036350245361114,0.005483503531757859,0.011069390171636955,0.1,0.15,True,True,True
objective_count,5,20,20,100,2000,10000,20312728,0.95,0.4358005,0.41850606250000005,0.4471890125,0.03290834911846124,0.7990201499999999,0.7277383812499999,0.854311,0.0792048978677197,0.006644095176577346,0.02898199751282867,0.1,0.15,True,True,True
objective_count,5,21,20,100,2000,10000,20312828,0.95,0.424802,0.4056464125,0.4400212,0.040459775966214855,0.7356555499999999,0.633518,0.8104472499999997,0.12025277998650301,0.004882274565562356,0.01657596411798979,0.1,0.15,True,True,True
objective_count,5,22,20,100,2000,10000,20312928,0.95,0.4225375,0.31933520000000004,0.43700649999999996,0.1392436174304055,0.7644936,0.6358847637500005,0.8420727,0.13485262417500915,0.004904890098512043,0.035261773283648185,0.1,0.15,False,True,False
objective_count,5,23,20,100,2000,10000,20313028,0.95,0.4193445,0.35826,0.43933258750000004,0.09666585289660412,0.7324453999999999,0.48675979999999996,0.8694699499999999,0.2612550710264547,0.005298746019084419,0.06703366558107941,0.1,0.15,True,False,False
objective_count,5,24,20,100,2000,10000,20313128,0.95,0.4296545,0.40717528750000004,0.43965299999999996,0.03779514994024259,0.78753725,0.6479437999999998,0.857459,0.13301923178871866,0.008196120371135438,0.03776094400614069,0.1,0.15,True,True,True
objective_count,5,25,20,100,2000,10000,20313228,0.95,0.4257605,0.411310925,0.443049,0.03727221642214348,0.7886858499999999,0.7031412,0.860094,0.09950273610208679,0.007020378828003113,0.045580252263939997,0.1,0.15,True,True,True
objective_count,5,26,20,100,2000,10000,20313328,0.95,0.4287015,0.31380505000000003,0.44355,0.15132318174767287,0.8181427499999999,0.6495900999999996,0.881952,0.14200571966200298,0.009694391085638826,0.044723613330314264,0.1,0.15,False,True,False
objective_count,5,27,20,100,2000,10000,20313428,0.95,0.4384635,0.407303375,0.4466631,0.0448836961343418,0.8394473499999999,0.7291081587499999,0.885495,0.09314868958130616,0.004828224014085632,0.05125193378715174,0.1,0.15,True,True,True
objective_count,5,28,20,100,2000,10000,20313528,0.95,0.4276035,0.4041544125,0.444952,0.04770492699428326,0.7844059999999999,0.6903738599999999,0.859987,0.1081156569429607,0.012039190511770671,0.028676221242570823,0.1,0.15,True,True,True
objective_count,5,29,20,100,2000,10000,20313628,0.95,0.4228645,0.40336497499999996,0.443571,0.047540080806026556,0.7815006499999999,0.7069603999999999,0.843898,0.0876119552811633,0.011367707622654552,0.04369650876170098,0.1,0.15,True,True,True
objective_count,5,30,20,100,2000,10000,20313728,0.95,0.4354145,0.41564052500000004,0.4467932125,0.03577359906479911,0.7828224499999998,0.7186446499999999,0.8763165362499988,0.10070730997175603,0.005440792624039875,0.025807703905272233,0.1,0.15,True,True,True
objective_count,5,31,20,100,2000,10000,20313828,0.95,0.434489,0.4026239875,0.4467251375,0.050750594376382345,0.7971612,0.5465546499999993,0.8683788,0.2018563811183991,0.006730895373645815,0.021879075399053562,0.1,0.15,True,False,False
objective_count,5,32,20,100,2000,10000,20313928,0.95,0.43399299999999996,0.41143323750000005,0.446679,0.04060637210738416,0.8292826499999999,0.751258,0.869692,0.07140749899928574,0.005239715847951589,0.0304742297454311,0.1,0.15,True,True,True
objective_count,10,1,20,100,2000,10000,20360828,0.95,0.5419225,0.5280455,0.55145,0.021593954855168452,0.9201869,0.847502,0.968887,0.06595670944674395,0.004310579464775877,0.028775295540503832,0.1,0.15,True,True,True
objective_count,10,2,20,100,2000,10000,20360928,0.95,0.47102849999999996,0.464014,0.4772570625,0.01405760214084712,0.8664526,0.7909124499999999,0.9086662,0.06795163982426743,0.002324700097764694,0.031239331499495846,0.1,0.15,True,True,True
objective_count,10,3,20,100,2000,10000,20361028,0.95,0.448469,0.4368944875,0.455383125,0.020613060768971785,0.8254767,0.7684016499999999,0.864333049999999,0.05810666733537065,0.004299070838787164,0.028137862643488273,0.1,0.15,True,True,True
objective_count,10,4,20,100,2000,10000,20361128,0.95,0.445409,0.434035,0.4512921375,0.019372237089955547,0.84428795,0.7736130499999999,0.877704,0.06164422339558449,0.003669660918391822,0.020475182667240643,0.1,0.15,True,True,True
objective_count,10,5,20,100,2000,10000,20361228,0.95,0.4422655,0.4332435,0.4490255,0.01784222373212473,0.8236462999999999,0.761216,0.85502334375,0.056946375980806326,0.0029269748601235598,0.019533748891969724,0.1,0.15,True,True,True
objective_count,10,6,20,100,2000,10000,20361328,0.95,0.43544499999999997,0.415308,0.447886,0.037407709354797966,0.82931075,0.7269371775,0.8768267,0.09036993822882435,0.008343189151327946,0.05438257010414981,0.1,0.15,True,True,True
objective_count,10,7,20,100,2000,10000,20361428,0.95,0.43202050000000003,0.4189828125,0.44220950000000003,0.026881464536983788,0.7990873499999999,0.7374015,0.8694075,0.0825979788066974,0.006283266650540779,0.0255920707542172,0.1,0.15,True,True,True
objective_count,10,8,20,100,2000,10000,20361528,0.95,0.4360615,0.421107,0.4432271125,0.025363523837807295,0.798643,0.7475423999999997,0.85099,0.06476460696456383,0.003803362599082944,0.023602222770374246,0.1,0.15,True,True,True
objective_count,10,9,20,100,2000,10000,20361628,0.95,0.4292745,0.41282218750000005,0.4393474125,0.03089541191009474,0.80616725,0.7208756999999997,0.8579817499999999,0.08503573545067739,0.005327593416333799,0.04195171659478838,0.1,0.15,True,True,True
objective_count,10,10,20,100,2000,10000,20361728,0.95,0.4339165,0.415158,0.446755075,0.03640916512739199,0.7835006499999996,0.7075808499999999,0.853004,0.09280346480886782,0.006291533048408979,0.02214733325364876,0.1,0.15,True,True,True
objective_count,10,11,20,100,2000,10000,20361828,0.95,0.4348835,0.4190519875,0.4422992625,0.02672816397954856,0.8108894499999997,0.7557292999999999,0.8551255,0.06128837907559414,0.003514734405881216,0.026011498854744894,0.1,0.15,True,True,True
objective_count,10,12,20,100,2000,10000,20361928,0.95,0.4185895,0.36056299999999997,0.440054,0.0949510200327529,0.76384895,0.6234514999999997,0.8403405499999999,0.1419711645869253,0.008743649804880429,0.02591592225138237,0.1,0.15,True,True,True
objective_count,10,13,20,100,2000,10000,20362028,0.95,0.40905199999999997,0.3125367875,0.4289489625,0.14229508106548797,0.7297359999999999,0.622173,0.829917,0.1423418880252585,0.005861113012526382,0.021991857329225893,0.1,0.15,False,True,False
objective_count,10,14,20,100,2000,10000,20362128,0.95,0.43131949999999997,0.41837358750000003,0.437837,0.022562639180468243,0.7915199999999999,0.7361694999999999,0.8407387499999999,0.06605597458055384,0.0036005791530407767,0.028939950980392124,0.1,0.15,True,True,True
objective_count,10,15,20,100,2000,10000,20362228,0.95,0.432612,0.4140274875,0.4415210125,0.03177619321701659,0.7773016999999998,0.71385,0.841422,0.08206080084476855,0.0064584431314895635,0.019741498056674925,0.1,0.15,True,True,True
objective_count,10,16,20,100,2000,10000,20362328,0.95,0.431207,0.4183214625,0.439583,0.024653516176685424,0.7755760499999999,0.69446345,0.842484,0.09542619966152904,0.004999918832486465,0.03778520494540798,0.1,0.15,True,True,True
objective_count,10,17,20,100,2000,10000,20362428,0.95,0.4226395,0.4074216,0.443098,0.04220665602718155,0.75724675,0.6953191974999998,0.812447,0.07733793674254806,0.006860456724939338,0.023052921653344712,0.1,0.15,True,True,True
objective_count,10,18,20,100,2000,10000,20362528,0.95,0.41927000000000003,0.28552325000000006,0.43917249999999997,0.18323425239106053,0.7651353499999999,0.491345,0.853568,0.23670517902486146,0.010799723328642584,0.03280961989274187,0.1,0.15,False,False,False
objective_count,10,19,20,100,2000,10000,20362628,0.95,0.4310705,0.41660383749999996,0.442614,0.03016926755600307,0.7610291,0.6880911499999998,0.841833,0.10100917954385731,0.00534715319187929,0.030633191293210724,0.1,0.15,True,True,True
objective_count,10,20,20,100,2000,10000,20362728,0.95,0.436547,0.4182148,0.4492394125,0.03553410342987123,0.82009085,0.7306445,0.876296,0.08880205162635331,0.005462183911468895,0.045112562833739885,0.1,0.15,True,True,True
objective_count,10,21,20,100,2000,10000,20362828,0.95,0.425155,0.4040080375,0.44006049999999997,0.042399198527595806,0.7467821499999999,0.6305455999999999,0.8148576999999998,0.12340419491815645,0.004993472968681977,0.021620830117592037,0.1,0.15,True,True,True
objective_count,10,22,20,100,2000,10000,20362928,0.95,0.421004,0.355193,0.4369735,0.09712556175238245,0.7653589999999999,0.6617757999999999,0.8231761999999999,0.10544097606482711,0.004003524907126788,0.016521462477085826,0.1,0.15,True,True,True
objective_count,10,23,20,100,2000,10000,20363028,0.95,0.418723,0.3716401750000001,0.43945449999999997,0.08097754959722764,0.7305800499999999,0.514755,0.7844330499999999,0.1845643403484669,0.005752012667085352,0.024113716217682095,0.1,0.15,True,False,False
objective_count,10,24,20,100,2000,10000,20363128,0.95,0.4314815,0.40876,0.43933,0.035424461998950114,0.7816953,0.669511,0.855734,0.11911482645475803,0.007548411693201237,0.022140020542531134,0.1,0.15,True,True,True
objective_count,10,25,20,100,2000,10000,20363228,0.95,0.42651,0.4118986625,0.442701,0.03610974830601862,0.79822205,0.720719415,0.857154,0.08546154857536192,0.006439473869311483,0.02815356954872403,0.1,0.15,True,True,True
objective_count,10,26,20,100,2000,10000,20363328,0.95,0.4292625,0.3243211500000005,0.442529175,0.13768734166157012,0.8091855,0.6333837400000033,0.861747,0.14110686610177564,0.009327625869951388,0.03246956353024144,0.1,0.15,False,True,False
objective_count,10,27,20,100,2000,10000,20363428,0.95,0.43782350000000003,0.4023301625,0.4462816625,0.050193171449225575,0.85444645,0.7091715,0.895027,0.10875783965162479,0.004936920928182334,0.0444401752737108,0.1,0.15,True,True,True
objective_count,10,28,20,100,2000,10000,20363528,0.95,0.4276085,0.403513,0.44520800000000005,0.048753708123201525,0.782241,0.630660299999999,0.853299,0.14230825282745413,0.010138947191180699,0.03042642868374319,0.1,0.15,True,True,True
objective_count,10,29,20,100,2000,10000,20363628,0.95,0.4228015,0.4020613875,0.44425811249999997,0.04990134259220934,0.77317655,0.6989233999999999,0.849048,0.09708300128864499,0.009004225387090644,0.027133970889313786,0.1,0.15,True,True,True
objective_count,10,30,20,100,2000,10000,20363728,0.95,0.4356805,0.416473225,0.44722863749999997,0.035295833185097755,0.8016037,0.7294870487499999,0.8668129499999998,0.08565697816140312,0.005601581893153509,0.0369649616138253,0.1,0.15,True,True,True
objective_count,10,31,20,100,2000,10000,20363828,0.95,0.4373475,0.400715225,0.447636575,0.05364309845146019,0.78383515,0.622184,0.8553669,0.14874486044674065,0.009223786577035382,0.029591872729871904,0.1,0.15,True,True,True
objective_count,10,32,20,100,2000,10000,20363928,0.95,0.434377,0.410541,0.446520225,0.04141474456520488,0.8262998,0.7376804999999999,0.86995471375,0.08004008578363454,0.005064724881842351,0.032495651094191294,0.1,0.15,True,True,True
objective_count,20,1,20,100,2000,10000,20460828,0.95,0.5473295,0.5322058,0.557224,0.02285478856886035,0.9221813,0.85779925,0.9626522999999999,0.05685056181468866,0.003624873134007916,0.013814366003735002,0.1,0.15,True,True,True
objective_count,20,2,20,100,2000,10000,20460928,0.95,0.46876549999999995,0.4614693625,0.47380815,0.013160938144978679,0.85772015,0.793835,0.899342,0.06150432632368495,0.0028767048769586818,0.015667639380979904,0.1,0.15,True,True,True
objective_count,20,3,20,100,2000,10000,20461028,0.95,0.4493865,0.4365755,0.45614,0.021768010387494933,0.8435406,0.7662467499999999,0.8683335999999999,0.06051092857889713,0.0046363208507599046,0.03576069723259321,0.1,0.15,True,True,True
objective_count,20,4,20,100,2000,10000,20461128,0.95,0.446787,0.435829175,0.453492,0.019766493877395708,0.8369666,0.7687444150000002,0.875333,0.06367553077984223,0.004060100226730048,0.03467032017765124,0.1,0.15,True,True,True
objective_count,20,5,20,100,2000,10000,20461228,0.95,0.441964,0.4337354625,0.4486985,0.01692789175136436,0.80454235,0.759838,0.854243,0.05867000040457781,0.0023022237105284693,0.01847534812803825,0.1,0.15,True,True,True
objective_count,20,6,20,100,2000,10000,20461328,0.95,0.4360535,0.414880525,0.4489605,0.03907774504733936,0.81808995,0.7250352425000001,0.8729609012499999,0.09040916512297936,0.00691314253870219,0.03387347564897985,0.1,0.15,True,True,True
objective_count,20,7,20,100,2000,10000,20461428,0.95,0.4332415,0.418548,0.441753575,0.0267813390453131,0.79180985,0.7422828,0.850687,0.06845342982282927,0.005200332839767208,0.013947730001085519,0.1,0.15,True,True,True
objective_count,20,8,20,100,2000,10000,20461528,0.95,0.437361,0.42367900000000003,0.4443825,0.02366866272941573,0.8395290999999999,0.7757500775,0.87347435,0.058201837494376275,0.0037246119338486777,0.026224641885552295,0.1,0.15,True,True,True
objective_count,20,9,20,100,2000,10000,20461628,0.95,0.4333135,0.415335,0.442515,0.031362973920729426,0.8279368999999998,0.7415325837499999,0.8779030199999999,0.08235557338367214,0.004433279830884709,0.038616892181034694,0.1,0.15,True,True,True
objective_count,20,10,20,100,2000,10000,20461728,0.95,0.434488,0.414862,0.44854902499999993,0.03876634682660963,0.8102331999999998,0.7290442999999999,0.8689624499999999,0.0863443697444144,0.006361510559555129,0.04622928312490748,0.1,0.15,True,True,True
objective_count,20,11,20,100,2000,10000,20461828,0.95,0.43656300000000003,0.421082,0.443702,0.025906913778767294,0.8105101,0.7452034212499998,0.848157,0.06351159519788847,0.0038894729970244324,0.020470997215210545,0.1,0.15,True,True,True
objective_count,20,12,20,100,2000,10000,20461928,0.95,0.4206255,0.35473350000000003,0.440745,0.10224237474903443,0.7572966999999999,0.6557211499999998,0.845198,0.12510080263125423,0.009912618231657492,0.025848653506611027,0.1,0.15,False,True,False
objective_count,20,13,20,100,2000,10000,20462028,0.95,0.4120705,0.31759573750000003,0.42908971249999994,0.13528507257859992,0.708356,0.52623708875,0.769331,0.17159021117206605,0.0050246256405153365,0.01752487449813379,0.1,0.15,False,False,False
objective_count,20,14,20,100,2000,10000,20462128,0.95,0.432484,0.419065,0.43940488749999995,0.023515190735379728,0.83436855,0.7660116399999999,0.8716217999999999,0.0632874764994438,0.0037712377798947328,0.01994466354226801,0.1,0.15,True,True,True
objective_count,20,15,20,100,2000,10000,20462228,0.95,0.433487,0.41350257500000004,0.442851,0.033851563022651146,0.8263265999999999,0.7329956487500005,0.867137,0.08116727166352845,0.00439459545499632,0.03953055607794791,0.1,0.15,True,True,True
objective_count,20,16,20,100,2000,10000,20462328,0.95,0.43403349999999996,0.42015067500000003,0.4413851125,0.02446174949629462,0.7705522499999999,0.72997685,0.8417955999999998,0.07255753908965924,0.00362184024965819,0.01723393838639752,0.1,0.15,True,True,True
objective_count,20,17,20,100,2000,10000,20462428,0.95,0.4231685,0.4070995125,0.443184,0.04263607463693545,0.7814517999999998,0.7098032999999999,0.865072,0.09934630645165836,0.006894416763062378,0.020630255122580588,0.1,0.15,True,True,True
objective_count,20,18,20,100,2000,10000,20462528,0.95,0.420601,0.2794723250000001,0.440924,0.19192973269202868,0.7790493,0.5286256499999998,0.8512314,0.20705092091091037,0.011929358227869188,0.05094497870673966,0.1,0.15,False,False,False
objective_count,20,19,20,100,2000,10000,20462628,0.95,0.433832,0.4189943,0.44497627500000003,0.02994474243485963,0.7573405,0.7052431499999995,0.833503,0.08467779684303198,0.0060714746722234075,0.02223286619426788,0.1,0.15,True,True,True
objective_count,20,20,20,100,2000,10000,20462728,0.95,0.438869,0.420307,0.450126,0.03397255217388337,0.7856974999999999,0.717714,0.8571515,0.08873485024452796,0.0053831553379254165,0.026363199577445446,0.1,0.15,True,True,True
objective_count,20,21,20,100,2000,10000,20462828,0.95,0.4258695,0.40603113750000003,0.44156700000000004,0.04172153969701988,0.7425808,0.674479,0.7954474862499998,0.08145139643389633,0.005808117275362563,0.020865473494601626,0.1,0.15,True,True,True
objective_count,20,22,20,100,2000,10000,20462928,0.95,0.4242245,0.34285096250000013,0.440258,0.11480600189286551,0.7893321999999999,0.7282744,0.849951,0.07707565965255189,0.005109323011754363,0.031325150551314275,0.1,0.15,False,True,False
objective_count,20,23,20,100,2000,10000,20463028,0.95,0.4201015,0.365871,0.4408305125,0.08921595435864903,0.71276935,0.494504,0.8113427499999996,0.2222589607704088,0.006305618999218075,0.05277303239820842,0.1,0.15,True,False,False
objective_count,20,24,20,100,2000,10000,20463128,0.95,0.4345695,0.409683,0.4420631875,0.03725547639675586,0.7819674999999999,0.6562227499999986,0.846886,0.12191251554572372,0.006855060007662778,0.030414115676163044,0.1,0.15,True,True,True
objective_count,20,25,20,100,2000,10000,20463228,0.95,0.428711,0.41413365,0.443568,0.03432889522312233,0.7681992,0.6472943999999993,0.826239,0.11647018117175902,0.008971078418794853,0.03764882858508574,0.1,0.15,True,True,True
objective_count,20,26,20,100,2000,10000,20463328,0.95,0.4305795,0.379683,0.445152,0.0760242881976499,0.8028979999999999,0.674011,0.8653532499999999,0.11915725907898628,0.008342245740914371,0.036324539356182156,0.1,0.15,True,True,True
objective_count,20,27,20,100,2000,10000,20463428,0.95,0.44001199999999996,0.4104029125,0.4480696,0.0428018866530913,0.7959414499999998,0.6653662999999996,0.86049915,0.12257990207696835,0.004264656418461196,0.024885561620141723,0.1,0.15,True,True,True
objective_count,20,28,20,100,2000,10000,20463528,0.95,0.429365,0.403896,0.4467200125,0.04986900713844865,0.7844736499999999,0.5935431999999989,0.851994,0.16472879618072647,0.011928079838831766,0.041622940426360854,0.1,0.15,True,False,False
objective_count,20,29,20,100,2000,10000,20463628,0.95,0.422988,0.40316549999999995,0.44464158749999994,0.04902749900706401,0.77087495,0.7033913999999998,0.8226187499999998,0.07733248434133193,0.00956646524251281,0.022075110885364645,0.1,0.15,True,True,True
objective_count,20,30,20,100,2000,10000,20463728,0.95,0.43741399999999997,0.4176744875,0.4485355,0.035276662955460905,0.78997695,0.7319608200000002,0.863336,0.08315127422388705,0.005714266118596999,0.026172852258537414,0.1,0.15,True,True,True
objective_count,20,31,20,100,2000,10000,20463828,0.95,0.4399515,0.40122571250000005,0.44974115,0.055137256606694066,0.7817168,0.574043,0.8479456999999999,0.1751930494521801,0.008374786766268634,0.021915097641498838,0.1,0.15,True,False,False
objective_count,20,32,20,100,2000,10000,20463928,0.95,0.4362085,0.41442005,0.44878456250000004,0.03939000787467467,0.7861304499999999,0.7199819,0.8464106499999998,0.08041206774270089,0.004520773895969413,0.016419603133296774,0.1,0.15,True,True,True
objective_count,50,1,20,100,2000,10000,20760828,0.95,0.5515574999999999,0.5339674999999999,0.56158135,0.025032612193651663,0.93839465,0.8736666499999998,0.9883503437499997,0.061106323309707694,0.005041178843547726,0.014080536371344378,0.1,0.15,True,True,True
objective_count,50,2,20,100,2000,10000,20760928,0.95,0.470577,0.461754,0.47696556250000005,0.016162671040021136,0.8496039499999999,0.796392,0.891927,0.056223255553366984,0.0032226394405167097,0.02758102760703974,0.1,0.15,True,True,True
objective_count,50,3,20,100,2000,10000,20761028,0.95,0.45072100000000004,0.437441,0.4590525,0.02397436551658337,0.81083795,0.767106,0.857034,0.05545374387076974,0.00442402284339991,0.01637108869904285,0.1,0.15,True,True,True
objective_count,50,4,20,100,2000,10000,20761128,0.95,0.445336,0.432829,0.451719,0.021208705337093747,0.8208790499999999,0.771749,0.86991045,0.059790446595025165,0.0032211633463272793,0.020018722612058518,0.1,0.15,True,True,True
objective_count,50,5,20,100,2000,10000,20761228,0.95,0.443014,0.4344671375,0.449795,0.017299523829946695,0.838513,0.77027795,0.8782346999999999,0.06437392741674842,0.0024118876604350475,0.029647960138960146,0.1,0.15,True,True,True
objective_count,50,6,20,100,2000,10000,20761328,0.95,0.4363665,0.414541,0.449045,0.03953557388112978,0.78613215,0.72648465,0.849535,0.0782631457064821,0.007084641007043448,0.02641006349886614,0.1,0.15,True,True,True
objective_count,50,7,20,100,2000,10000,20761428,0.95,0.4326045,0.4197283875,0.443139,0.02705775425359651,0.7823093,0.7402217875000001,0.8266255,0.055223498237845246,0.006325639238611653,0.01855110248593497,0.1,0.15,True,True,True
objective_count,50,8,20,100,2000,10000,20761528,0.95,0.4373055,0.4221605875,0.443942,0.02490411451491004,0.8295799499999997,0.756155,0.85937425,0.062211755479384484,0.0033820750024868384,0.021993901853582423,0.1,0.15,True,True,True
objective_count,50,9,20,100,2000,10000,20761628,0.95,0.4302315,0.41218,0.439913,0.03223032251241484,0.8287131499999999,0.7352327162499999,0.8633812499999999,0.07731778707143722,0.00597236604014351,0.04287714029878742,0.1,0.15,True,True,True
objective_count,50,10,20,100,2000,10000,20761728,0.95,0.4335825,0.41418587500000004,0.4476335,0.03857123500141263,0.8051931999999999,0.7261400499999999,0.860578,0.0834817966669366,0.007368839840168834,0.042512343621381836,0.1,0.15,True,True,True
objective_count,50,11,20,100,2000,10000,20761828,0.95,0.4366095,0.41851499999999997,0.443412,0.028511747912035815,0.7942701,0.74666017625,0.8677092,0.07620142301088756,0.003503130371647803,0.029307221812831737,0.1,0.15,True,True,True
objective_count,50,12,20,100,2000,10000,20761928,0.95,0.4200875,0.3660194875000001,0.440233,0.0883310173475763,0.7560690499999999,0.5604201999999999,0.859233,0.1976094643736575,0.009537298777040423,0.04136315327283931,0.1,0.15,True,False,False
objective_count,50,13,20,100,2000,10000,20762028,0.95,0.410853,0.31283150000000004,0.431177525,0.14402477893553164,0.7341586499999999,0.629976,0.782106494999999,0.1036087329353124,0.0070682214806756126,0.020413843792482542,0.1,0.15,False,True,False
objective_count,50,14,20,100,2000,10000,20762128,0.95,0.430954,0.4180025,0.4383855,0.023648695684458185,0.8115472999999999,0.76431495,0.854173,0.055362176671649284,0.0032926948119753005,0.021931192427107917,0.1,0.15,True,True,True
objective_count,50,15,20,100,2000,10000,20762228,0.95,0.4322965,0.4112035,0.443163,0.03696479152618628,0.8020498499999998,0.7178987999999998,0.86986705,0.09473740940167258,0.005913765205131112,0.024525221219104897,0.1,0.15,True,True,True
objective_count,50,16,20,100,2000,10000,20762328,0.95,0.433821,0.4200115,0.4423446125,0.0257400085519143,0.83565685,0.75328025,0.8748222,0.07272240393888951,0.004817655208023669,0.04646943299752782,0.1,0.15,True,True,True
objective_count,50,17,20,100,2000,10000,20762428,0.95,0.4234865,0.408391,0.44174749999999996,0.03938319167198949,0.7844816999999998,0.71612835,0.87085,0.09861393197572364,0.005668421543543956,0.02710566734698833,0.1,0.15,True,True,True
objective_count,50,18,20,100,2000,10000,20762528,0.95,0.4201245,0.28225905,0.4416965,0.1897502407024584,0.7724923,0.50425555,0.861698,0.23135664264873576,0.014348127757367109,0.031807436786101456,0.1,0.15,False,False,False
objective_count,50,19,20,100,2000,10000,20762628,0.95,0.4340545,0.41869591249999993,0.447425,0.03309387127653334,0.78448465,0.7383154999999999,0.838853,0.06407869166082476,0.0075359200284757415,0.020056032963806293,0.1,0.15,True,True,True
objective_count,50,20,20,100,2000,10000,20762728,0.95,0.43877350000000004,0.42011543749999997,0.451373,0.03561924603468539,0.7950981499999998,0.735624,0.8639441,0.0806945029365243,0.005534746287093328,0.017966964204356346,0.1,0.15,True,True,True
objective_count,50,21,20,100,2000,10000,20762828,0.95,0.428125,0.40823545,0.44229867500000003,0.039781868613138725,0.7774119499999999,0.7056903999999998,0.86004,0.09927143517667836,0.004986861313868609,0.034591698776948065,0.1,0.15,True,True,True
objective_count,50,22,20,100,2000,10000,20762928,0.95,0.42550299999999996,0.3311475,0.4402815,0.12824116398709295,0.7876894,0.72242355,0.8512272,0.08176043120549796,0.0047249960634825755,0.026498579262333524,0.1,0.15,False,True,False
objective_count,50,23,20,100,2000,10000,20763028,0.95,0.4220665,0.338935,0.44203905,0.12214194919520976,0.73202405,0.5141450999999999,0.786958,0.18634148700442296,0.0068626626372858875,0.012482718293203765,0.1,0.15,False,False,False
objective_count,50,24,20,100,2000,10000,20763128,0.95,0.4351295,0.4102727,0.443722,0.03843602881441044,0.7821746499999999,0.715309,0.8388366999999999,0.07896426968069083,0.006154489640440406,0.019396243537168917,0.1,0.15,True,True,True
objective_count,50,25,20,100,2000,10000,20763228,0.95,0.4322255,0.41459134999999997,0.44522249999999997,0.03543422357079811,0.7871363,0.728323,0.845321,0.07431876791859296,0.006764987257808672,0.015142803095219903,0.1,0.15,True,True,True
objective_count,50,26,20,100,2000,10000,20763328,0.95,0.43192600000000003,0.34322240000000015,0.4456645,0.1185875589800103,0.7613560999999999,0.5634269062499997,0.8543463,0.19105343330801472,0.007982848913934346,0.017105530513251026,0.1,0.15,False,False,False
objective_count,50,27,20,100,2000,10000,20763428,0.95,0.44138750000000004,0.4081285,0.4497793875,0.04718177055308545,0.8346390499999997,0.719864,0.880041,0.095955850615904,0.003242049219790028,0.029788086239195002,0.1,0.15,True,True,True
objective_count,50,28,20,100,2000,10000,20763528,0.95,0.431058,0.4051274125,0.4482688375,0.05004132274543102,0.78764015,0.7076194712499998,0.847386,0.08872486296565772,0.011419576947881715,0.0296068579033204,0.1,0.15,True,True,True
objective_count,50,29,20,100,2000,10000,20763628,0.95,0.42584999999999995,0.4048805,0.446845,0.04927145708582837,0.8063802,0.71657745,0.88410955,0.10387910070212542,0.007779734648350514,0.04993711403132216,0.1,0.15,True,True,True
objective_count,50,30,20,100,2000,10000,20763728,0.95,0.44085450000000004,0.42071101250000004,0.4514551375,0.034868788908812266,0.7823060500000001,0.7332370224999998,0.8437633987499977,0.07064139172258603,0.0065384384190248935,0.013635712008107512,0.1,0.15,True,True,True
objective_count,50,31,20,100,2000,10000,20763828,0.95,0.43803800000000004,0.4028449125,0.450148,0.05399427389861154,0.7635529999999999,0.514468605,0.852276,0.22120756188502963,0.007902282450381031,0.03150206992834821,0.1,0.15,True,False,False
objective_count,50,32,20,100,2000,10000,20763928,0.95,0.4371115,0.41369622500000003,0.449781,0.041276396297054596,0.77216185,0.690636,0.863693,0.11206005580306772,0.005388785241294166,0.023012403422935646,0.1,0.15,True,True,True
