session_id,topology,pattern,rep,full_backend_execution_count__ungated,full_backend_execution_count__permissive,full_backend_execution_count__safe,full_backend_execution_count__safe_minus_permissive,full_backend_execution_count__safe_minus_ungated,backend_request_count_including_gate_probes__ungated,backend_request_count_including_gate_probes__permissive,backend_request_count_including_gate_probes__safe,backend_request_count_including_gate_probes__safe_minus_permissive,backend_request_count_including_gate_probes__safe_minus_ungated,client_wall_ms__ungated,client_wall_ms__permissive,client_wall_ms__safe,client_wall_ms__safe_minus_permissive,client_wall_ms__safe_minus_ungated,sqlserver_cpu_usage_usec_delta__ungated,sqlserver_cpu_usage_usec_delta__permissive,sqlserver_cpu_usage_usec_delta__safe,sqlserver_cpu_usage_usec_delta__safe_minus_permissive,sqlserver_cpu_usage_usec_delta__safe_minus_ungated,sqlserver_io_rbytes_delta__ungated,sqlserver_io_rbytes_delta__permissive,sqlserver_io_rbytes_delta__safe,sqlserver_io_rbytes_delta__safe_minus_permissive,sqlserver_io_rbytes_delta__safe_minus_ungated,sqlserver_io_wbytes_delta__ungated,sqlserver_io_wbytes_delta__permissive,sqlserver_io_wbytes_delta__safe,sqlserver_io_wbytes_delta__safe_minus_permissive,sqlserver_io_wbytes_delta__safe_minus_ungated,response_bytes__ungated,response_bytes__permissive,response_bytes__safe,response_bytes__safe_minus_permissive,response_bytes__safe_minus_ungated,time_to_analytical_objective_completion_ms__ungated,time_to_analytical_objective_completion_ms__permissive,time_to_analytical_objective_completion_ms__safe,time_to_analytical_objective_completion_ms__safe_minus_permissive,time_to_analytical_objective_completion_ms__safe_minus_ungated
NH2-ALTERNATIVE-DISTRACTOR_HEAVY-R046,ALTERNATIVE,DISTRACTOR_HEAVY,R046,24,24,6,-18,-18,24,29,11,-18,-13,1240.098512,3663.29845,2042.656642,-1620.641808,802.55813,1126807,1355998,526065,-829933,-600742,0,737280,0,-737280,0,0,737280,0,-737280,0,223964,233159,65504,-167655,-158460,851.426912,2804.123337,1577.154427,-1226.96891,725.727515
NH2-ALTERNATIVE-DISTRACTOR_HEAVY-R047,ALTERNATIVE,DISTRACTOR_HEAVY,R047,24,24,6,-18,-18,24,29,11,-18,-13,1255.359136,2936.407816,1936.813504,-999.594312,681.454368,1135981,1395789,532621,-863168,-603360,0,0,0,0,0,0,0,0,0,0,223757,232952,65187,-167765,-158570,623.535187,1549.409363,1183.078877,-366.330486,559.54369
NH2-ALTERNATIVE-DISTRACTOR_HEAVY-R048,ALTERNATIVE,DISTRACTOR_HEAVY,R048,24,24,6,-18,-18,24,29,11,-18,-13,1266.961683,2911.98672,2085.054572,-826.932148,818.092889,1137069,1389947,529711,-860236,-607358,0,0,0,0,0,0,0,0,0,0,224315,233510,65736,-167774,-158579,777.53897,1839.196173,1367.011419,-472.184754,589.472449
NH2-ALTERNATIVE-DISTRACTOR_HEAVY-R049,ALTERNATIVE,DISTRACTOR_HEAVY,R049,24,24,6,-18,-18,24,29,11,-18,-13,1267.063264,3022.556323,2029.430113,-993.12621,762.366849,1120918,1395956,515518,-880438,-605400,0,0,0,0,0,0,0,0,0,0,223604,232799,65376,-167423,-158228,698.203533,1552.071483,1217.33169,-334.739793,519.128157
NH2-ALTERNATIVE-DISTRACTOR_HEAVY-R050,ALTERNATIVE,DISTRACTOR_HEAVY,R050,24,24,5,-19,-19,24,29,10,-19,-14,1384.639012,3132.499576,2020.626576,-1111.873,635.987564,1203087,1420028,477456,-942572,-725631,0,0,0,0,0,0,0,0,0,0,223739,232934,56092,-176842,-167647,552.871454,1470.257494,1076.128163,-394.129331,523.256709
NH2-ALTERNATIVE-DISTRACTOR_HEAVY-R051,ALTERNATIVE,DISTRACTOR_HEAVY,R051,24,24,7,-17,-17,24,29,12,-17,-12,1247.037884,2991.695874,1957.768521,-1033.927353,710.730637,1132025,1355153,578472,-776681,-553553,0,0,413696,413696,413696,0,0,0,0,0,224135,233330,74822,-158508,-149313,532.048812,1569.557974,1112.045087,-457.512887,579.996275
NH2-ALTERNATIVE-DISTRACTOR_HEAVY-R052,ALTERNATIVE,DISTRACTOR_HEAVY,R052,24,24,5,-19,-19,24,28,9,-19,-15,1182.528594,2866.828907,1720.15141,-1146.677497,537.622816,1096932,1315490,425182,-890308,-671750,0,0,0,0,0,0,0,0,0,0,223613,230969,54271,-176698,-169342,269.281632,864.414505,646.862302,-217.552203,377.58067
NH2-ALTERNATIVE-DISTRACTOR_HEAVY-R053,ALTERNATIVE,DISTRACTOR_HEAVY,R053,24,24,6,-18,-18,24,29,11,-18,-13,1310.412198,2900.167106,1908.521506,-991.6456,598.109308,1164139,1404388,537044,-867344,-627095,0,0,0,0,0,0,0,0,0,0,223559,232754,65367,-167387,-158192,396.167376,1063.066605,964.647337,-98.419268,568.479961
NH2-ALTERNATIVE-DISTRACTOR_HEAVY-R054,ALTERNATIVE,DISTRACTOR_HEAVY,R054,24,24,6,-18,-18,24,29,11,-18,-13,1277.924243,2786.063522,1893.525761,-892.537761,615.601518,1137302,1358372,551627,-806745,-585675,0,0,0,0,0,0,0,0,0,0,222884,232079,65016,-167063,-157868,784.994263,1645.519609,1174.903674,-470.615935,389.909411
NH2-ALTERNATIVE-DISTRACTOR_HEAVY-R055,ALTERNATIVE,DISTRACTOR_HEAVY,R055,24,24,6,-18,-18,24,28,10,-18,-14,1256.483541,2808.795753,1754.213679,-1054.582074,497.730138,1139152,1350085,494701,-855384,-644451,0,0,0,0,0,0,0,0,0,0,222641,229997,63150,-166847,-159491,1001.151479,2118.983965,1409.928241,-709.055724,408.776762
NH2-ALTERNATIVE-DISTRACTOR_HEAVY-R056,ALTERNATIVE,DISTRACTOR_HEAVY,R056,24,24,6,-18,-18,24,29,11,-18,-13,1257.564921,2905.134389,1965.485349,-939.64904,707.920428,1135189,1389511,531336,-858175,-603853,0,0,0,0,0,0,0,0,0,0,223946,233141,65316,-167825,-158630,455.202653,1127.631974,973.131034,-154.50094,517.928381
NH2-ALTERNATIVE-DISTRACTOR_HEAVY-R057,ALTERNATIVE,DISTRACTOR_HEAVY,R057,24,24,6,-18,-18,24,29,11,-18,-13,1269.070544,2842.128158,1974.035718,-868.09244,704.965174,1139718,1369403,487142,-882261,-652576,0,0,0,0,0,0,0,0,0,0,223766,232961,65367,-167594,-158399,626.832912,1459.631896,1144.293031,-315.338865,517.460119
NH2-ALTERNATIVE-DISTRACTOR_HEAVY-R058,ALTERNATIVE,DISTRACTOR_HEAVY,R058,24,24,4,-20,-20,24,29,9,-20,-15,1209.01711,2835.637475,1813.562906,-1022.074569,604.545796,1091361,1333935,448174,-885761,-643187,0,0,0,0,0,0,0,0,0,0,223028,232223,46466,-185757,-176562,333.147108,926.378266,764.656171,-161.722095,431.509063
NH2-ALTERNATIVE-DISTRACTOR_HEAVY-R059,ALTERNATIVE,DISTRACTOR_HEAVY,R059,24,24,7,-17,-17,24,29,12,-17,-12,1419.556528,2792.50499,2041.91579,-750.5892,622.359262,1186898,1365362,565755,-799607,-621143,0,0,0,0,0,0,0,0,0,0,224324,233519,74590,-158929,-149734,596.050974,1089.595199,986.467679,-103.12752,390.416705
NH2-ALTERNATIVE-DISTRACTOR_HEAVY-R060,ALTERNATIVE,DISTRACTOR_HEAVY,R060,24,24,8,-16,-16,24,29,13,-16,-11,1175.444622,2807.362835,1878.102728,-929.260107,702.658106,1096079,1345563,611210,-734353,-484869,0,0,0,0,0,0,0,0,0,0,223370,232565,83426,-149139,-139944,796.788849,1827.996817,1353.848208,-474.148609,557.059359
NH2-ALTERNATIVE-MIXED_SAT-R046,ALTERNATIVE,MIXED_SAT,R046,21,21,6,-15,-15,21,27,12,-15,-9,973.785105,2706.441169,1938.952029,-767.48914,965.166924,920380,1234921,528586,-706335,-391794,0,0,0,0,0,0,0,0,0,0,195593,206627,66855,-139772,-128738,696.701938,1803.932492,1464.740862,-339.19163,768.038924
NH2-ALTERNATIVE-MIXED_SAT-R047,ALTERNATIVE,MIXED_SAT,R047,21,21,5,-16,-16,21,27,11,-16,-10,1022.116642,2625.24507,1670.768089,-954.476981,648.651447,947321,1193587,480013,-713574,-467308,0,0,0,0,0,0,0,0,0,0,196304,207338,57931,-149407,-138373,608.328163,1564.664548,1021.965182,-542.699366,413.637019
NH2-ALTERNATIVE-MIXED_SAT-R048,ALTERNATIVE,MIXED_SAT,R048,21,21,8,-13,-13,21,27,14,-13,-7,1065.484596,2631.71373,1847.195996,-784.517734,781.7114,978310,1236735,616488,-620247,-361822,0,0,0,0,0,0,0,0,0,0,196313,207347,85765,-121582,-110548,694.018414,1816.732991,1422.612615,-394.120376,728.594201
NH2-ALTERNATIVE-MIXED_SAT-R049,ALTERNATIVE,MIXED_SAT,R049,21,21,7,-14,-14,21,27,13,-14,-8,969.63718,2681.945531,2028.518607,-653.426924,1058.881427,914498,1270665,634659,-636006,-279839,0,520192,0,-520192,0,0,4096,0,-4096,0,196133,207167,76679,-130488,-119454,649.867595,1857.502423,1487.302043,-370.20038,837.434448
NH2-ALTERNATIVE-MIXED_SAT-R050,ALTERNATIVE,MIXED_SAT,R050,21,21,4,-17,-17,21,26,9,-17,-12,1001.900814,2630.584412,1604.67466,-1025.909752,602.773846,927360,1178802,424258,-754544,-503102,0,0,0,0,0,0,0,0,0,0,195323,204518,46448,-158070,-148875,282.82057,953.210505,702.320874,-250.889631,419.500304
NH2-ALTERNATIVE-MIXED_SAT-R051,ALTERNATIVE,MIXED_SAT,R051,21,21,3,-18,-18,21,27,9,-18,-12,996.556378,2465.831632,1602.734727,-863.096905,606.178349,927990,1155995,422054,-733941,-505936,0,0,0,0,0,0,0,0,0,0,195566,206600,39219,-167381,-156347,621.443667,1575.862889,1120.44734,-455.415549,499.003673
NH2-ALTERNATIVE-MIXED_SAT-R052,ALTERNATIVE,MIXED_SAT,R052,21,21,6,-15,-15,21,26,11,-15,-10,1054.834996,2516.495621,1686.436813,-830.058808,631.601817,959355,1143903,514859,-629044,-444496,0,0,0,0,0,0,0,0,0,0,194999,204194,64818,-139376,-130181,508.343829,1210.737891,937.415525,-273.322366,429.071696
NH2-ALTERNATIVE-MIXED_SAT-R053,ALTERNATIVE,MIXED_SAT,R053,21,21,5,-16,-16,21,27,11,-16,-10,994.437483,2513.281646,1838.568546,-674.7131,844.131063,941547,1182749,517682,-665067,-423865,0,0,0,0,0,0,0,0,0,0,196304,207338,57760,-149578,-138544,362.406928,1057.244729,1065.001189,7.75646,702.594261
NH2-ALTERNATIVE-MIXED_SAT-R054,ALTERNATIVE,MIXED_SAT,R054,21,21,5,-16,-16,21,27,11,-16,-10,1008.237489,2642.668241,1812.751728,-829.916513,804.514239,933677,1224994,530012,-694982,-403665,385024,0,0,0,-385024,0,0,0,0,0,196502,207537,57769,-149768,-138733,665.02791,1661.341272,1201.616662,-459.72461,536.588752
NH2-ALTERNATIVE-MIXED_SAT-R055,ALTERNATIVE,MIXED_SAT,R055,21,21,5,-16,-16,21,27,11,-16,-10,1138.34978,2764.771397,1712.155998,-1052.615399,573.806218,1015773,1274671,521460,-753211,-494313,0,0,0,0,0,0,0,0,0,0,195755,206789,58120,-148669,-137635,520.946577,1079.407504,760.766437,-318.641067,239.81986
NH2-ALTERNATIVE-MIXED_SAT-R056,ALTERNATIVE,MIXED_SAT,R056,21,21,7,-14,-14,21,27,13,-14,-8,978.041645,2547.926766,1850.080345,-697.846421,872.0387,916139,1187646,576437,-611209,-339702,0,0,0,0,0,0,0,0,0,0,195737,206771,76472,-130299,-119265,555.152688,1439.750841,1149.960852,-289.789989,594.808164
NH2-ALTERNATIVE-MIXED_SAT-R057,ALTERNATIVE,MIXED_SAT,R057,21,21,4,-17,-17,21,27,10,-17,-11,1159.312107,2827.785541,1872.277819,-955.507722,712.965712,1001799,1292457,512413,-780044,-489386,0,0,0,0,0,0,0,0,0,0,195377,206411,48485,-157926,-146892,489.373075,1314.84896,1054.208874,-260.640086,564.835799
NH2-ALTERNATIVE-MIXED_SAT-R058,ALTERNATIVE,MIXED_SAT,R058,21,21,6,-15,-15,21,27,12,-15,-9,1092.009487,3044.289333,1975.064384,-1069.224949,883.054897,991309,1321112,587904,-733208,-403405,0,0,0,0,0,0,0,0,0,0,195926,206962,67154,-139808,-128772,350.795193,1234.385263,1015.745859,-218.639404,664.950666
NH2-ALTERNATIVE-MIXED_SAT-R059,ALTERNATIVE,MIXED_SAT,R059,21,21,6,-15,-15,21,26,11,-15,-10,1100.697197,2719.179665,1897.119391,-822.060274,796.422194,1001468,1239971,538877,-701094,-462591,0,0,0,0,0,0,0,0,0,0,196331,205526,65745,-139781,-130586,460.726723,1232.036092,1056.948216,-175.087876,596.221493
NH2-ALTERNATIVE-MIXED_SAT-R060,ALTERNATIVE,MIXED_SAT,R060,21,21,6,-15,-15,21,26,11,-15,-10,1118.043749,2866.56286,1877.314703,-989.248157,759.270954,990583,1291740,544092,-747648,-446491,0,0,0,0,0,0,0,0,0,0,195971,205166,65205,-139961,-130766,807.355791,2020.608775,1402.518079,-618.090696,595.162288
NH2-ALTERNATIVE-ORDERED-R046,ALTERNATIVE,ORDERED,R046,22,22,6,-16,-16,22,29,13,-16,-9,1135.608739,2937.140852,2058.155421,-878.985431,922.546682,1036554,1404710,618001,-786709,-418553,0,208896,0,-208896,0,0,0,0,0,0,204816,217689,68694,-148995,-136122,402.279912,1050.257465,880.951994,-169.305471,478.672082
NH2-ALTERNATIVE-ORDERED-R047,ALTERNATIVE,ORDERED,R047,22,22,6,-16,-16,22,28,12,-16,-10,1143.323181,2863.302853,1887.82002,-975.482833,744.496839,1023852,1308628,532941,-775687,-490911,0,0,0,0,0,0,0,0,0,0,205192,216226,66837,-149389,-138355,381.929389,924.243173,809.487058,-114.756115,427.557669
NH2-ALTERNATIVE-ORDERED-R048,ALTERNATIVE,ORDERED,R048,22,22,6,-16,-16,22,28,12,-16,-10,1347.810103,2779.129351,1920.640369,-858.488982,572.830266,1134990,1281224,554330,-726894,-580660,0,0,0,0,0,0,0,0,0,0,204924,215958,66828,-149130,-138096,519.130773,911.168103,850.433905,-60.734198,331.303132
NH2-ALTERNATIVE-ORDERED-R049,ALTERNATIVE,ORDERED,R049,22,22,7,-15,-15,22,28,13,-15,-9,1256.92792,2911.715723,2053.370109,-858.345614,796.442189,1084672,1311713,632495,-679218,-452177,0,0,0,0,0,0,0,0,0,0,205923,216958,76859,-140099,-129064,413.385595,856.093511,875.454154,19.360643,462.068559
NH2-ALTERNATIVE-ORDERED-R050,ALTERNATIVE,ORDERED,R050,22,22,6,-16,-16,22,28,12,-16,-10,1114.356053,2769.933081,2145.548203,-624.384878,1031.19215,990206,1259300,593629,-665671,-396577,0,0,0,0,0,0,0,0,0,0,205948,216982,67215,-149767,-138733,410.450235,966.292761,848.071058,-118.221703,437.620823
NH2-ALTERNATIVE-ORDERED-R051,ALTERNATIVE,ORDERED,R051,22,22,7,-15,-15,22,28,13,-15,-9,1110.441341,2794.312965,2000.993787,-793.319178,890.552446,1016248,1291051,582179,-708872,-434069,0,0,0,0,0,0,0,0,0,0,205338,216372,76420,-139952,-128918,389.092987,998.764909,817.16219,-181.602719,428.069203
NH2-ALTERNATIVE-ORDERED-R052,ALTERNATIVE,ORDERED,R052,22,22,7,-15,-15,22,29,14,-15,-8,1165.640018,2842.94127,2050.043444,-792.897826,884.403426,1032933,1367767,675078,-692689,-357855,0,0,0,0,0,0,0,0,0,0,204978,217851,78131,-139720,-126847,442.895222,943.994011,856.475617,-87.518394,413.580395
NH2-ALTERNATIVE-ORDERED-R053,ALTERNATIVE,ORDERED,R053,22,22,7,-15,-15,22,28,13,-15,-9,1145.600984,2797.807941,2092.993921,-704.81402,947.392937,1034490,1281568,609533,-672035,-424957,0,0,0,0,0,0,0,0,0,0,205707,216741,76618,-140123,-129089,401.517966,894.861961,815.993654,-78.868307,414.475688
NH2-ALTERNATIVE-ORDERED-R054,ALTERNATIVE,ORDERED,R054,22,22,7,-15,-15,22,28,13,-15,-9,1138.808055,2717.80298,2009.830751,-707.972229,871.022696,1027377,1301130,628432,-672698,-398945,0,0,0,0,0,0,0,0,0,0,205518,216552,76420,-140132,-129098,387.184022,956.408756,831.635556,-124.7732,444.451534
NH2-ALTERNATIVE-ORDERED-R055,ALTERNATIVE,ORDERED,R055,22,22,7,-15,-15,22,28,13,-15,-9,1156.292358,2712.76778,1976.358454,-736.409326,820.066096,1008715,1337030,639892,-697138,-368823,0,0,0,0,0,0,0,0,0,0,205347,216381,76499,-139882,-128848,348.887172,928.499221,939.683818,11.184597,590.796646
NH2-ALTERNATIVE-ORDERED-R056,ALTERNATIVE,ORDERED,R056,22,22,6,-16,-16,22,29,13,-16,-9,1182.926048,2975.235797,1967.940228,-1007.295569,785.01418,1044772,1357748,608234,-749514,-436538,0,0,0,0,0,0,0,0,0,0,205545,218418,69054,-149364,-136491,422.165534,1076.783073,809.448602,-267.334471,387.283068
NH2-ALTERNATIVE-ORDERED-R057,ALTERNATIVE,ORDERED,R057,22,22,7,-15,-15,22,29,14,-15,-8,1111.890435,2837.833472,2058.416187,-779.417285,946.525752,1016903,1391729,679971,-711758,-336932,0,0,327680,327680,327680,0,0,0,0,0,205365,218239,78268,-139971,-127097,374.672979,931.242818,806.226995,-125.015823,431.554016
NH2-ALTERNATIVE-ORDERED-R058,ALTERNATIVE,ORDERED,R058,22,22,7,-15,-15,22,28,13,-15,-9,1103.537678,2659.2196,1966.215088,-693.004512,862.67741,1017638,1213542,606332,-607210,-411306,0,0,0,0,0,0,0,0,0,0,205048,216082,76130,-139952,-128918,400.529558,887.644711,917.086487,29.441776,516.556929
NH2-ALTERNATIVE-ORDERED-R059,ALTERNATIVE,ORDERED,R059,22,22,6,-16,-16,22,28,12,-16,-10,1285.029182,2780.619634,1896.654276,-883.965358,611.625094,1106409,1285610,571854,-713756,-534555,0,0,0,0,0,0,0,0,0,0,204942,215976,66837,-149139,-138105,442.786037,877.605665,851.671852,-25.933813,408.885815
NH2-ALTERNATIVE-ORDERED-R060,ALTERNATIVE,ORDERED,R060,22,22,6,-16,-16,22,28,12,-16,-10,1188.889317,2883.174968,2024.981549,-858.193419,836.092232,1062211,1278911,554558,-724353,-507653,0,0,0,0,0,0,0,0,0,0,204753,215787,66837,-148950,-137916,369.215852,1093.395249,855.610977,-237.784272,486.395125
NH2-ALTERNATIVE-OUT_OF_ORDER-R046,ALTERNATIVE,OUT_OF_ORDER,R046,22,22,4,-18,-18,22,29,11,-18,-11,1140.490523,2975.349298,2040.774732,-934.574566,900.284209,1043914,1379981,564278,-815703,-479636,0,0,0,0,0,0,0,0,0,0,205005,217878,50083,-167795,-154922,356.619975,862.492164,771.774813,-90.717351,415.154838
NH2-ALTERNATIVE-OUT_OF_ORDER-R047,ALTERNATIVE,OUT_OF_ORDER,R047,22,22,5,-17,-17,22,28,11,-17,-11,1272.791718,2848.561743,1842.562164,-1005.999579,569.770446,1075605,1365635,523475,-842160,-552130,0,0,0,0,0,0,0,0,0,0,205869,216903,57827,-159076,-148042,392.415802,865.147312,641.705612,-223.4417,249.28981
NH2-ALTERNATIVE-OUT_OF_ORDER-R048,ALTERNATIVE,OUT_OF_ORDER,R048,22,22,5,-17,-17,22,28,11,-17,-11,1235.226966,2883.895292,1939.439541,-944.455751,704.212575,1074125,1337907,536718,-801189,-537407,0,0,0,0,0,0,0,0,0,0,205122,216157,57742,-158415,-147380,405.235412,792.866164,647.041199,-145.824965,241.805787
NH2-ALTERNATIVE-OUT_OF_ORDER-R049,ALTERNATIVE,OUT_OF_ORDER,R049,22,22,4,-18,-18,22,29,11,-18,-11,1127.9306,2926.534617,1929.732282,-996.802335,801.801682,1030363,1377465,559647,-817818,-470716,0,0,0,0,0,0,0,0,0,0,205338,218211,50272,-167939,-155066,312.312153,861.67657,641.419664,-220.256906,329.107511
NH2-ALTERNATIVE-OUT_OF_ORDER-R050,ALTERNATIVE,OUT_OF_ORDER,R050,22,22,4,-18,-18,22,28,10,-18,-12,1127.966672,2876.033249,1846.189562,-1029.843687,718.22289,1016083,1298543,492972,-805571,-523111,0,0,0,0,0,0,0,0,0,0,205354,216388,48046,-168342,-157308,322.681516,897.202123,647.592339,-249.609784,324.910823
NH2-ALTERNATIVE-OUT_OF_ORDER-R051,ALTERNATIVE,OUT_OF_ORDER,R051,22,22,4,-18,-18,22,29,11,-18,-11,1155.998766,2946.684742,1884.773131,-1061.911611,728.774365,1043819,1385706,519193,-866513,-524626,0,0,0,0,0,0,0,0,0,0,204789,217662,49894,-167768,-154895,333.094594,821.318517,596.613073,-224.705444,263.518479
NH2-ALTERNATIVE-OUT_OF_ORDER-R052,ALTERNATIVE,OUT_OF_ORDER,R052,22,22,3,-19,-19,22,28,9,-19,-13,1182.271594,2721.950516,1718.390776,-1003.55974,536.119182,1053727,1282494,426704,-855790,-627023,0,0,0,0,0,0,0,0,0,0,205158,216192,38850,-177342,-166308,339.558203,812.067263,643.217368,-168.849895,303.659165
NH2-ALTERNATIVE-OUT_OF_ORDER-R053,ALTERNATIVE,OUT_OF_ORDER,R053,22,22,6,-16,-16,22,28,12,-16,-10,1137.245767,2707.011344,1816.451914,-890.55943,679.206147,1043329,1285629,546888,-738741,-496441,0,0,0,0,0,0,0,0,0,0,205149,216183,66776,-149407,-138373,319.485442,794.310684,644.804412,-149.506272,325.31897
NH2-ALTERNATIVE-OUT_OF_ORDER-R054,ALTERNATIVE,OUT_OF_ORDER,R054,22,22,4,-18,-18,22,28,10,-18,-12,1107.413495,2912.02158,1847.581706,-1064.439874,740.168211,995369,1289003,487103,-801900,-508266,0,0,0,0,0,0,0,0,0,0,205948,216982,48296,-168686,-157652,342.157525,906.131821,685.843186,-220.288635,343.685661
NH2-ALTERNATIVE-OUT_OF_ORDER-R055,ALTERNATIVE,OUT_OF_ORDER,R055,22,22,3,-19,-19,22,28,9,-19,-13,1172.694564,2873.578933,1831.71399,-1041.864943,659.019426,1047128,1267104,465217,-801887,-581911,0,0,0,0,0,0,0,0,0,0,204814,215848,38841,-177007,-165973,323.622933,907.918475,718.55751,-189.360965,394.934577
NH2-ALTERNATIVE-OUT_OF_ORDER-R056,ALTERNATIVE,OUT_OF_ORDER,R056,22,22,5,-17,-17,22,28,11,-17,-11,1091.197749,2920.646201,1875.164273,-1045.481928,783.966524,1006527,1291693,549909,-741784,-456618,0,0,0,0,0,0,0,0,0,0,205561,216595,57940,-158655,-147621,352.379652,959.062042,733.991585,-225.070457,381.611933
NH2-ALTERNATIVE-OUT_OF_ORDER-R057,ALTERNATIVE,OUT_OF_ORDER,R057,22,22,4,-18,-18,22,29,11,-18,-11,1127.692717,2797.10649,1749.071436,-1048.035054,621.378719,1028959,1345672,550833,-794839,-478126,0,0,0,0,0,0,0,0,0,0,204789,217662,50272,-167390,-154517,338.665519,862.591895,646.413631,-216.178264,307.748112
NH2-ALTERNATIVE-OUT_OF_ORDER-R058,ALTERNATIVE,OUT_OF_ORDER,R058,22,22,5,-17,-17,22,28,11,-17,-11,1229.624728,2931.875888,1855.423347,-1076.452541,625.798619,1071003,1357963,530896,-827067,-540107,0,0,0,0,0,0,0,0,0,0,205347,216381,57348,-159033,-147999,345.852082,811.620495,597.497937,-214.122558,251.645855
NH2-ALTERNATIVE-OUT_OF_ORDER-R059,ALTERNATIVE,OUT_OF_ORDER,R059,22,22,3,-19,-19,22,28,9,-19,-13,1100.059827,2722.807524,1850.655894,-872.15163,750.596067,1016998,1281699,440557,-841142,-576441,0,0,0,0,0,0,0,0,0,0,205579,216613,39219,-177394,-166360,343.367912,840.717503,620.703813,-220.01369,277.335901
NH2-ALTERNATIVE-OUT_OF_ORDER-R060,ALTERNATIVE,OUT_OF_ORDER,R060,22,22,5,-17,-17,22,28,11,-17,-11,1092.761821,2693.603727,1786.1784,-907.425327,693.416579,1012811,1288222,514073,-774149,-498738,0,0,0,0,0,0,0,0,0,0,205707,216741,57879,-158862,-147828,341.303799,778.19641,634.359881,-143.836529,293.056082
NH2-ALTERNATIVE-OVERLAP-R046,ALTERNATIVE,OVERLAP,R046,22,22,8,-14,-14,22,28,14,-14,-8,1078.039424,2601.626166,1934.08514,-667.541026,856.045716,993739,1285781,636803,-648978,-356936,0,0,0,0,0,0,0,0,0,0,206677,217711,86494,-131217,-120183,366.183749,963.839728,919.120726,-44.719002,552.936977
NH2-ALTERNATIVE-OVERLAP-R047,ALTERNATIVE,OVERLAP,R047,22,22,6,-16,-16,22,28,12,-16,-10,1161.723545,2672.941113,1867.609052,-805.332061,705.885507,1045599,1270747,552869,-717878,-492730,0,0,0,0,0,0,0,0,0,0,205131,216165,66956,-149209,-138175,519.57887,1070.847601,896.184909,-174.662692,376.606039
NH2-ALTERNATIVE-OVERLAP-R048,ALTERNATIVE,OVERLAP,R048,22,22,5,-17,-17,22,29,12,-17,-10,1273.52472,3010.872025,1903.487614,-1107.384411,629.962894,1086682,1328883,589592,-739291,-497090,0,0,0,0,0,0,0,0,0,0,205725,218598,59916,-158682,-145809,521.706635,1393.869816,1018.91488,-374.954936,497.208245
NH2-ALTERNATIVE-OVERLAP-R049,ALTERNATIVE,OVERLAP,R049,22,22,7,-15,-15,22,29,14,-15,-8,1203.235995,2914.415144,2033.917809,-880.497335,830.681814,1057597,1362559,692109,-670450,-365488,0,0,0,0,0,0,0,0,0,0,204600,217473,77917,-139556,-126683,786.938683,1696.636245,1128.32067,-568.315575,341.381987
NH2-ALTERNATIVE-OVERLAP-R050,ALTERNATIVE,OVERLAP,R050,22,22,8,-14,-14,22,28,14,-14,-8,1112.602203,2986.899291,2168.373732,-818.525559,1055.771529,1027869,1322385,675021,-647364,-352848,0,0,0,0,0,0,0,0,0,0,204771,215806,85756,-130050,-119015,390.341112,1149.659994,926.972445,-222.687549,536.631333
NH2-ALTERNATIVE-OVERLAP-R051,ALTERNATIVE,OVERLAP,R051,22,22,8,-14,-14,22,28,14,-14,-8,1217.280244,2814.100455,2005.192012,-808.908443,787.911768,1091534,1323774,691628,-632146,-399906,0,0,0,0,0,0,0,0,0,0,205329,216363,85695,-130668,-119634,818.944798,1906.170396,1476.625793,-429.544603,657.680995
NH2-ALTERNATIVE-OVERLAP-R052,ALTERNATIVE,OVERLAP,R052,22,22,6,-16,-16,22,28,12,-16,-10,1330.665746,2871.467045,1964.060543,-907.406502,633.394797,1112679,1340658,596513,-744145,-516166,0,0,0,0,0,0,0,0,0,0,205312,216345,67197,-149148,-138115,417.731851,905.948429,805.03485,-100.913579,387.302999
NH2-ALTERNATIVE-OVERLAP-R053,ALTERNATIVE,OVERLAP,R053,22,22,7,-15,-15,22,29,14,-15,-8,1292.280151,2995.792735,2169.041464,-826.751271,876.761313,1064343,1362615,680960,-681655,-383383,0,0,0,0,0,0,0,0,0,0,205500,218373,78439,-139934,-127061,895.091272,1811.635746,1451.251664,-360.384082,556.160392
NH2-ALTERNATIVE-OVERLAP-R054,ALTERNATIVE,OVERLAP,R054,22,22,6,-16,-16,22,28,12,-16,-10,1188.529279,3019.565053,2048.367285,-971.197768,859.838006,1051247,1368533,581518,-787015,-469729,0,0,0,0,0,0,0,0,0,0,205140,216174,67206,-148968,-137934,390.102263,1132.367125,1023.866727,-108.500398,633.764464
NH2-ALTERNATIVE-OVERLAP-R055,ALTERNATIVE,OVERLAP,R055,22,22,5,-17,-17,22,28,11,-17,-11,1105.919571,2808.966806,1828.33427,-980.632536,722.414699,1011602,1292302,511008,-781294,-500594,0,0,0,0,0,0,0,0,0,0,205201,216235,57760,-158475,-147441,194.113506,706.869431,608.239492,-98.629939,414.125986
NH2-ALTERNATIVE-OVERLAP-R056,ALTERNATIVE,OVERLAP,R056,22,22,6,-16,-16,22,28,12,-16,-10,1343.074201,2843.217006,2029.680863,-813.536143,686.606662,1094527,1267070,568191,-698879,-526336,0,0,0,0,0,0,0,0,0,0,205183,216217,67017,-149200,-138166,189.654837,591.964424,606.131877,14.167453,416.47704
NH2-ALTERNATIVE-OVERLAP-R057,ALTERNATIVE,OVERLAP,R057,22,22,6,-16,-16,22,27,11,-16,-11,1175.018999,2749.216498,1924.515547,-824.700951,749.496548,1021682,1227335,502312,-725023,-519370,0,0,0,0,0,0,0,0,0,0,204265,213460,64809,-148651,-139456,813.831812,1814.591851,1369.107763,-445.484088,555.275951
NH2-ALTERNATIVE-OVERLAP-R058,ALTERNATIVE,OVERLAP,R058,22,22,5,-17,-17,22,28,11,-17,-11,1140.081937,2772.799888,1958.999216,-813.800672,818.917279,1032286,1306054,508427,-797627,-523859,0,0,0,0,0,0,0,0,0,0,204942,215976,57562,-158414,-147380,475.944436,1199.043925,903.263952,-295.779973,427.319516
NH2-ALTERNATIVE-OVERLAP-R059,ALTERNATIVE,OVERLAP,R059,22,22,5,-17,-17,22,28,11,-17,-11,1117.392061,2770.806802,1913.507533,-857.299269,796.115472,1032307,1301596,541146,-760450,-491161,0,0,0,0,0,0,0,0,0,0,204780,215814,57708,-158106,-147072,549.673274,1359.240075,948.677704,-410.562371,399.00443
NH2-ALTERNATIVE-OVERLAP-R060,ALTERNATIVE,OVERLAP,R060,22,22,6,-16,-16,22,28,12,-16,-10,1110.257844,2772.175067,1995.006094,-777.168973,884.74825,1012426,1317196,581746,-735450,-430680,0,0,0,0,0,0,0,0,0,0,204814,215848,67215,-148633,-137599,503.337584,1298.72601,1138.863232,-159.862778,635.525648
NH2-MULTI2-DISTRACTOR_HEAVY-R046,MULTI2,DISTRACTOR_HEAVY,R046,22,22,5,-17,-17,22,28,11,-17,-11,1180.39253,2854.885192,1930.86564,-924.019552,750.47311,1054488,1349828,531115,-818713,-523373,0,0,0,0,0,0,0,0,0,0,204435,215469,57571,-157898,-146864,482.450838,1200.382176,982.402003,-217.980173,499.951165
NH2-MULTI2-DISTRACTOR_HEAVY-R047,MULTI2,DISTRACTOR_HEAVY,R047,22,22,6,-16,-16,22,28,12,-16,-10,1114.306164,2721.614998,1758.846417,-962.768581,644.540253,1029198,1308214,544896,-763318,-484302,0,0,0,0,0,0,0,0,0,0,205146,216180,67206,-148974,-137940,487.653495,1345.678583,975.961371,-369.717212,488.307876
NH2-MULTI2-DISTRACTOR_HEAVY-R048,MULTI2,DISTRACTOR_HEAVY,R048,22,22,6,-16,-16,22,28,12,-16,-10,1098.987238,2628.638412,1856.102235,-772.536177,757.114997,1009349,1314110,575451,-738659,-433898,0,0,0,0,0,0,0,0,0,0,204966,216000,67206,-148794,-137760,844.25057,1962.518675,1476.623529,-485.895146,632.372959
NH2-MULTI2-DISTRACTOR_HEAVY-R049,MULTI2,DISTRACTOR_HEAVY,R049,22,22,5,-17,-17,22,28,11,-17,-11,1186.08823,2689.989126,1809.62209,-880.367036,623.53386,1085662,1300490,487283,-813207,-598379,0,0,0,0,0,0,0,0,0,0,204777,215811,58129,-157682,-146648,510.391407,1130.613772,858.988207,-271.625565,348.5968
NH2-MULTI2-DISTRACTOR_HEAVY-R050,MULTI2,DISTRACTOR_HEAVY,R050,22,22,6,-16,-16,22,28,12,-16,-10,1167.329467,2741.709698,1970.676145,-771.033553,803.346678,1065110,1344926,571421,-773505,-493689,0,0,0,0,0,0,0,0,0,0,204966,216000,67206,-148794,-137760,738.687868,1820.58862,1367.494868,-453.093752,628.807
NH2-MULTI2-DISTRACTOR_HEAVY-R051,MULTI2,DISTRACTOR_HEAVY,R051,22,22,6,-16,-16,22,28,12,-16,-10,1139.967931,2701.052525,1949.265685,-751.78684,809.297754,1045657,1342301,564634,-777667,-481023,0,0,0,0,0,0,0,0,0,0,204588,215622,67017,-148605,-137571,452.683893,1094.622657,1013.553718,-81.068939,560.869825
NH2-MULTI2-DISTRACTOR_HEAVY-R052,MULTI2,DISTRACTOR_HEAVY,R052,22,22,6,-16,-16,22,27,11,-16,-11,1099.096626,2781.664923,2018.693923,-762.971,919.597297,1022555,1336520,545773,-790747,-476782,0,0,0,0,0,0,0,0,0,0,204642,213837,65385,-148452,-139257,216.894008,632.960316,711.325254,78.364938,494.431246
NH2-MULTI2-DISTRACTOR_HEAVY-R053,MULTI2,DISTRACTOR_HEAVY,R053,22,22,5,-17,-17,22,28,11,-17,-11,1191.142588,2801.32052,1781.676416,-1019.644104,590.533828,1044011,1321834,509224,-812610,-534787,0,0,0,0,0,0,0,0,0,0,204444,215478,57760,-157718,-146684,419.474511,1118.457933,892.010484,-226.447449,472.535973
NH2-MULTI2-DISTRACTOR_HEAVY-R054,MULTI2,DISTRACTOR_HEAVY,R054,22,22,7,-15,-15,22,28,13,-15,-9,1176.247052,2813.627397,1974.684308,-838.943089,798.437256,1063942,1333816,615047,-718769,-448895,0,0,0,0,0,16384,0,0,0,-16384,204408,215442,76292,-139150,-128116,548.289667,1481.237224,1223.184037,-258.053187,674.89437
NH2-MULTI2-DISTRACTOR_HEAVY-R055,MULTI2,DISTRACTOR_HEAVY,R055,22,22,6,-16,-16,22,28,12,-16,-10,1238.402969,2864.859619,1966.04698,-898.812639,727.644011,1078520,1325446,579061,-746385,-499459,0,0,0,0,0,0,0,0,0,0,204417,215451,67026,-148425,-137391,785.598898,1896.589944,1452.356988,-444.232956,666.75809
NH2-MULTI2-DISTRACTOR_HEAVY-R056,MULTI2,DISTRACTOR_HEAVY,R056,22,22,6,-16,-16,22,28,12,-16,-10,1168.516057,2795.58974,1920.421763,-875.167977,751.905706,1063449,1340494,565257,-775237,-498192,0,0,0,0,0,0,0,0,0,0,204426,215460,67026,-148434,-137400,628.562642,1496.3511,1172.082498,-324.268602,543.519856
NH2-MULTI2-DISTRACTOR_HEAVY-R057,MULTI2,DISTRACTOR_HEAVY,R057,22,22,5,-17,-17,22,28,11,-17,-11,1168.972899,3032.71139,1909.824802,-1122.886588,740.851903,1055307,1374131,531726,-842405,-523581,0,0,0,0,0,0,0,0,0,0,204984,216019,58309,-157710,-146675,893.375281,2324.979015,1464.376119,-860.602896,571.000838
NH2-MULTI2-DISTRACTOR_HEAVY-R058,MULTI2,DISTRACTOR_HEAVY,R058,22,22,5,-17,-17,22,28,11,-17,-11,1183.347289,2821.20137,1936.435319,-884.766051,753.08803,1072150,1347749,495846,-851903,-576304,0,0,0,0,0,0,0,0,0,0,204246,215280,57751,-157529,-146495,1018.708043,2452.072333,1656.482607,-795.589726,637.774564
NH2-MULTI2-DISTRACTOR_HEAVY-R059,MULTI2,DISTRACTOR_HEAVY,R059,22,22,5,-17,-17,22,28,11,-17,-11,1129.307055,2912.170122,1866.087615,-1046.082507,736.78056,1043970,1401432,508726,-892706,-535244,0,0,0,0,0,0,0,0,0,0,204444,215478,57760,-157718,-146684,598.474721,1626.270148,1101.457362,-524.812786,502.982641
NH2-MULTI2-DISTRACTOR_HEAVY-R060,MULTI2,DISTRACTOR_HEAVY,R060,22,22,6,-16,-16,22,28,12,-16,-10,1182.219219,2970.481988,1938.102267,-1032.379721,755.883048,1066080,1364572,590157,-774415,-475923,0,0,0,0,0,0,0,0,0,0,204399,215433,67154,-148279,-137245,364.576814,1153.454741,854.324622,-299.130119,489.747808
NH2-MULTI2-MIXED_SAT-R046,MULTI2,MIXED_SAT,R046,19,19,5,-14,-14,19,25,11,-14,-8,1100.877008,2725.326928,2030.982223,-694.344705,930.105215,931523,1160311,551577,-608734,-379946,0,503808,0,-503808,0,0,0,0,0,0,177566,188600,58120,-130480,-119446,262.492001,913.234328,815.872839,-97.361489,553.380838
NH2-MULTI2-MIXED_SAT-R047,MULTI2,MIXED_SAT,R047,19,19,4,-15,-15,19,26,11,-15,-8,981.399438,2706.334923,1809.461259,-896.873664,828.061821,906242,1223816,526328,-697488,-379914,0,0,0,0,0,0,0,0,0,0,176991,189864,50504,-139360,-126487,275.738053,761.877399,705.757399,-56.12,430.019346
NH2-MULTI2-MIXED_SAT-R048,MULTI2,MIXED_SAT,R048,19,19,6,-13,-13,19,25,12,-13,-7,903.599263,2482.827914,1781.108604,-701.71931,877.509341,853283,1127829,551124,-576705,-302159,0,0,0,0,0,0,0,0,0,0,177153,188187,67395,-120792,-109758,613.17418,1657.792332,1226.787426,-431.004906,613.613246
NH2-MULTI2-MIXED_SAT-R049,MULTI2,MIXED_SAT,R049,19,19,5,-14,-14,19,25,11,-14,-8,1021.742807,2678.689606,1854.954257,-823.735349,833.21145,925093,1199177,505681,-693496,-419412,0,0,0,0,0,0,0,0,0,0,177153,188187,57751,-130436,-119402,467.922808,1313.724251,1135.59546,-178.128791,667.672652
NH2-MULTI2-MIXED_SAT-R050,MULTI2,MIXED_SAT,R050,19,19,5,-14,-14,19,25,11,-14,-8,959.714815,2568.175199,1894.396929,-673.77827,934.682114,880929,1115396,542559,-572837,-338370,0,0,184320,184320,184320,0,0,0,0,0,177763,188797,57941,-130856,-119822,507.768161,1358.786953,1164.859683,-193.92727,657.091522
NH2-MULTI2-MIXED_SAT-R051,MULTI2,MIXED_SAT,R051,19,19,8,-11,-11,19,25,14,-11,-5,955.231917,2682.03835,1957.327221,-724.711129,1002.095304,888506,1160744,650229,-510515,-238277,0,0,0,0,0,0,0,0,0,0,177754,188788,86064,-102724,-91690,784.911097,2118.569422,1619.901818,-498.667604,834.990721
NH2-MULTI2-MIXED_SAT-R052,MULTI2,MIXED_SAT,R052,19,19,7,-12,-12,19,25,13,-12,-6,1063.32586,2599.948913,2076.304942,-523.643971,1012.979082,932922,1172971,650053,-522918,-282869,0,0,0,0,0,0,0,0,0,0,176964,187998,76240,-111758,-100724,648.517932,1646.528392,1511.380855,-135.147537,862.862923
NH2-MULTI2-MIXED_SAT-R053,MULTI2,MIXED_SAT,R053,19,19,4,-15,-15,19,25,10,-15,-9,1030.012239,2563.454257,1825.972224,-737.482033,795.959985,906590,1134706,471284,-663422,-435306,0,0,0,0,0,0,0,0,0,0,176757,187791,48854,-138937,-127903,452.688037,1125.657218,950.334967,-175.322251,497.64693
NH2-MULTI2-MIXED_SAT-R054,MULTI2,MIXED_SAT,R054,19,19,6,-13,-13,19,26,13,-13,-6,916.32302,2582.616058,1919.719536,-662.896522,1003.396516,868722,1157750,587578,-570172,-281144,0,0,0,0,0,0,0,0,0,0,177162,190035,69234,-120801,-107928,835.63171,2221.739783,1683.915939,-537.823844,848.284229
NH2-MULTI2-MIXED_SAT-R055,MULTI2,MIXED_SAT,R055,19,19,5,-14,-14,19,24,10,-14,-9,941.747768,2338.714459,1722.560751,-616.153708,780.812983,882464,1128204,466198,-662006,-416266,0,507904,0,-507904,0,0,4096,0,-4096,0,177900,187095,56470,-130625,-121430,333.936296,856.215959,782.380737,-73.835222,448.444441
NH2-MULTI2-MIXED_SAT-R056,MULTI2,MIXED_SAT,R056,19,19,5,-14,-14,19,25,11,-14,-8,925.078888,2714.250207,1853.305749,-860.944458,928.226861,863790,1174046,533653,-640393,-330137,0,0,0,0,0,0,0,0,0,0,176818,187852,57760,-130092,-119058,384.542462,1227.448581,1061.058767,-166.389814,676.516305
NH2-MULTI2-MIXED_SAT-R057,MULTI2,MIXED_SAT,R057,19,19,7,-12,-12,19,25,13,-12,-6,921.842585,2681.477745,1960.223372,-721.254373,1038.380787,855491,1167073,592682,-574391,-262809,0,0,0,0,0,0,0,0,0,0,177702,188736,76850,-111886,-100852,530.779375,1392.939941,1175.968343,-216.971598,645.188968
NH2-MULTI2-MIXED_SAT-R058,MULTI2,MIXED_SAT,R058,19,19,4,-15,-15,19,25,10,-15,-9,990.848062,2477.098874,1756.729315,-720.369559,765.881253,897577,1145184,459388,-685796,-438189,0,0,0,0,0,0,0,0,0,0,177144,188178,48674,-139504,-128470,404.534242,995.757702,781.645629,-214.112073,377.111387
NH2-MULTI2-MIXED_SAT-R059,MULTI2,MIXED_SAT,R059,19,19,6,-13,-13,19,25,12,-13,-7,964.937744,2661.008715,1938.178692,-722.830023,973.240948,877812,1215101,568371,-646730,-309441,0,0,0,0,0,0,0,0,0,0,177324,188358,67206,-121152,-110118,754.708296,2227.156912,1685.336445,-541.820467,930.628149
NH2-MULTI2-MIXED_SAT-R060,MULTI2,MIXED_SAT,R060,19,19,7,-12,-12,19,25,13,-12,-6,941.097771,2518.04789,1971.361935,-546.685955,1030.264164,889503,1120475,636894,-483581,-252609,0,0,0,0,0,0,0,0,0,0,177135,188169,76292,-111877,-100843,750.478539,2016.097655,1666.190248,-349.907407,915.711709
NH2-MULTI2-ORDERED-R046,MULTI2,ORDERED,R046,22,22,7,-15,-15,22,29,14,-15,-8,1202.792983,3055.278565,1941.882935,-1113.39563,739.089952,1080860,1388095,642970,-745125,-437890,512000,0,0,0,-512000,0,0,0,0,0,204798,217671,78140,-139531,-126658,366.612319,832.065088,805.859963,-26.205125,439.247644
NH2-MULTI2-ORDERED-R047,MULTI2,ORDERED,R047,22,22,7,-15,-15,22,28,13,-15,-9,1282.713085,2715.196709,1972.468708,-742.728001,689.755623,1115169,1279144,626700,-652444,-488469,0,0,0,0,0,0,0,0,0,0,205682,216716,76679,-140037,-129003,363.188643,634.831368,690.672204,55.840836,327.483561
NH2-MULTI2-ORDERED-R048,MULTI2,ORDERED,R048,22,22,6,-16,-16,22,29,13,-16,-9,1108.919295,2794.932494,1951.724639,-843.207855,842.805344,1025034,1347643,629551,-718092,-395483,0,0,0,0,0,0,0,16384,16384,16384,204856,217729,68676,-149053,-136180,300.132347,794.019047,737.390732,-56.628315,437.258385
NH2-MULTI2-ORDERED-R049,MULTI2,ORDERED,R049,22,22,8,-14,-14,22,28,14,-14,-8,1210.714105,2748.056376,1976.463462,-771.592914,765.749357,1077233,1295472,657204,-638268,-420029,0,0,0,0,0,0,0,0,0,0,204444,215478,85387,-130091,-119057,330.170427,698.889215,757.280838,58.391623,427.110411
NH2-MULTI2-ORDERED-R050,MULTI2,ORDERED,R050,22,22,6,-16,-16,22,29,13,-16,-9,1132.553893,3089.954767,2055.557999,-1034.396768,923.004106,1042320,1434310,617662,-816648,-424658,0,0,0,0,0,0,0,0,0,0,205054,217928,68676,-149252,-136378,292.914199,995.253804,854.175452,-141.078352,561.261253
NH2-MULTI2-ORDERED-R051,MULTI2,ORDERED,R051,22,22,6,-16,-16,22,28,12,-16,-10,1194.527211,2772.857475,1987.984324,-784.873151,793.457113,1068062,1313025,579144,-733881,-488918,0,0,0,0,0,0,0,0,0,0,204719,215753,67026,-148727,-137693,306.487456,787.255909,770.891976,-16.363933,464.40452
NH2-MULTI2-ORDERED-R052,MULTI2,ORDERED,R052,22,22,6,-16,-16,22,28,12,-16,-10,1262.005481,2788.467823,1918.514966,-869.952857,656.509485,1058494,1311218,588773,-722445,-469721,0,0,0,0,0,0,0,0,0,0,204512,215546,66828,-148718,-137684,330.902954,743.651874,781.393359,37.741485,450.490405
NH2-MULTI2-ORDERED-R053,MULTI2,ORDERED,R053,22,22,6,-16,-16,22,28,12,-16,-10,1152.270814,2871.626344,1906.929101,-964.697243,754.658287,1041920,1363961,583670,-780291,-458250,0,0,0,0,0,4096,0,0,0,-4096,204719,215753,66846,-148907,-137873,263.611139,820.481669,793.797898,-26.683771,530.186759
NH2-MULTI2-ORDERED-R054,MULTI2,ORDERED,R054,22,22,6,-16,-16,22,29,13,-16,-9,1273.44754,2974.640103,2029.714923,-944.92518,756.267383,1107323,1349085,617996,-731089,-489327,0,0,0,0,0,0,0,0,0,0,204838,217711,68856,-148855,-135982,294.045705,845.679915,910.565715,64.8858,616.52001
NH2-MULTI2-ORDERED-R055,MULTI2,ORDERED,R055,22,22,8,-14,-14,22,29,15,-14,-7,1157.127338,2937.122479,2121.161317,-815.961162,964.033979,1058228,1403788,685071,-718717,-373157,0,0,0,0,0,0,0,0,0,0,204737,217610,87595,-130015,-117142,297.743107,816.731935,788.926273,-27.805662,491.183166
NH2-MULTI2-ORDERED-R056,MULTI2,ORDERED,R056,22,22,6,-16,-16,22,29,13,-16,-9,1160.326641,2864.076898,2010.896286,-853.180612,850.569645,1055698,1413475,644211,-769264,-411487,0,0,0,0,0,0,4096,0,-4096,0,204910,217784,68694,-149090,-136216,280.041392,796.582139,799.814684,3.232545,519.773292
NH2-MULTI2-ORDERED-R057,MULTI2,ORDERED,R057,22,22,8,-14,-14,22,29,15,-14,-7,1113.472036,2881.103168,2178.251724,-702.851444,1064.779688,1026574,1384792,733803,-650989,-292771,0,0,0,0,0,0,0,0,0,0,204883,217756,87561,-130195,-117322,271.681535,751.131674,771.96629,20.834616,500.284755
NH2-MULTI2-ORDERED-R058,MULTI2,ORDERED,R058,22,22,6,-16,-16,22,28,12,-16,-10,1165.625649,2805.331898,2100.147557,-705.184341,934.521908,1037463,1340520,592507,-748013,-444956,0,0,0,0,0,0,0,0,0,0,205009,216043,67009,-149034,-138000,252.849478,727.808427,969.407664,241.599237,716.558186
NH2-MULTI2-ORDERED-R059,MULTI2,ORDERED,R059,22,22,6,-16,-16,22,28,12,-16,-10,1161.149997,2740.588843,1899.650614,-840.938229,738.500617,1049995,1262261,580074,-682187,-469921,0,0,0,0,0,0,0,0,0,0,204847,215881,67026,-148855,-137821,317.865128,702.845104,768.681148,65.836044,450.81602
NH2-MULTI2-ORDERED-R060,MULTI2,ORDERED,R060,22,22,8,-14,-14,22,28,14,-14,-8,1163.379421,2757.576585,1891.613065,-865.96352,728.233644,1072228,1276404,632647,-643757,-439581,0,0,0,0,0,0,0,0,0,0,205862,216896,86134,-130762,-119728,276.092012,681.641133,689.204334,7.563201,413.112322
NH2-MULTI2-OUT_OF_ORDER-R046,MULTI2,OUT_OF_ORDER,R046,22,22,9,-13,-13,22,28,15,-13,-7,1292.817168,2996.037307,2221.077738,-774.959569,928.26057,1109811,1380800,723928,-656872,-385883,0,0,0,0,0,0,0,0,0,0,204323,215357,94583,-120774,-109740,370.91501,939.29832,839.617418,-99.680902,468.702408
NH2-MULTI2-OUT_OF_ORDER-R047,MULTI2,OUT_OF_ORDER,R047,22,22,7,-15,-15,22,29,14,-15,-8,1147.635583,2851.171719,2078.514879,-772.65684,930.879296,1040870,1355162,650991,-704171,-389879,0,0,0,0,0,0,0,0,0,0,205320,218193,78311,-139882,-127009,311.48455,782.315829,745.143847,-37.171982,433.659297
NH2-MULTI2-OUT_OF_ORDER-R048,MULTI2,OUT_OF_ORDER,R048,22,22,6,-16,-16,22,27,11,-16,-11,1138.10506,2847.31949,1940.068735,-907.250755,801.963675,1045251,1287126,547628,-739498,-497623,0,0,0,0,0,0,0,0,0,0,204116,213311,64800,-148511,-139316,309.709069,744.897332,757.703989,12.806657,447.99492
NH2-MULTI2-OUT_OF_ORDER-R049,MULTI2,OUT_OF_ORDER,R049,22,22,8,-14,-14,22,28,14,-14,-8,1128.118705,2878.228846,2021.866959,-856.361887,893.748254,1012632,1307283,666838,-640445,-345794,0,0,0,0,0,0,0,0,0,0,205826,216860,86064,-130796,-119762,266.586535,790.995282,764.064789,-26.930493,497.478254
NH2-MULTI2-OUT_OF_ORDER-R050,MULTI2,OUT_OF_ORDER,R050,22,22,7,-15,-15,22,29,14,-15,-8,1179.688746,2902.97329,2220.905559,-682.067731,1041.216813,1065440,1400292,683269,-717023,-382171,0,0,0,0,0,0,0,0,0,0,205423,218296,78269,-140027,-127154,283.692984,731.656793,788.341164,56.684371,504.64818
NH2-MULTI2-OUT_OF_ORDER-R051,MULTI2,OUT_OF_ORDER,R051,22,22,6,-16,-16,22,28,12,-16,-10,1275.364646,2800.447955,1911.939593,-888.508362,636.574947,1102010,1307143,550365,-756778,-551645,0,0,0,0,0,0,0,0,0,0,204745,215778,66828,-148950,-137917,303.950268,802.802134,754.592034,-48.2101,450.641766
NH2-MULTI2-OUT_OF_ORDER-R052,MULTI2,OUT_OF_ORDER,R052,22,22,7,-15,-15,22,29,14,-15,-8,1148.798102,2917.13522,1901.658881,-1015.476339,752.860779,1047641,1375440,620263,-755177,-427378,0,0,0,0,0,0,0,0,0,0,204703,217577,78149,-139428,-126554,322.876433,764.632933,773.329391,8.696458,450.452958
NH2-MULTI2-OUT_OF_ORDER-R053,MULTI2,OUT_OF_ORDER,R053,22,22,6,-16,-16,22,29,13,-16,-9,1176.364738,3095.060281,2001.565362,-1093.494919,825.200624,1080514,1435748,625404,-810344,-455110,0,0,0,0,0,0,0,0,0,0,204831,217704,68685,-149019,-136146,309.552307,776.13675,783.567646,7.430896,474.015339
NH2-MULTI2-OUT_OF_ORDER-R054,MULTI2,OUT_OF_ORDER,R054,22,22,8,-14,-14,22,29,15,-14,-7,1181.39686,2896.443284,2156.471128,-739.972156,975.074268,1061702,1360427,775107,-585320,-286595,0,0,0,0,0,0,0,0,0,0,204584,217457,87122,-130335,-117462,302.802456,746.401665,780.213408,33.811743,477.410952
NH2-MULTI2-OUT_OF_ORDER-R055,MULTI2,OUT_OF_ORDER,R055,22,22,7,-15,-15,22,28,13,-15,-9,1147.823356,2861.406218,1990.21859,-871.187628,842.395234,1058281,1339836,615792,-724044,-442489,0,0,0,0,0,0,0,0,0,0,204512,215547,76103,-139444,-128409,304.679133,842.032133,787.187352,-54.844781,482.508219
NH2-MULTI2-OUT_OF_ORDER-R056,MULTI2,OUT_OF_ORDER,R056,22,22,7,-15,-15,22,29,14,-15,-8,1182.347141,2970.527307,2006.914913,-963.612394,824.567772,1056092,1426488,651396,-775092,-404696,0,0,0,0,0,0,0,0,0,0,205758,218631,78457,-140174,-127301,294.055303,769.65776,755.932971,-13.724789,461.877668
NH2-MULTI2-OUT_OF_ORDER-R057,MULTI2,OUT_OF_ORDER,R057,22,22,7,-15,-15,22,29,14,-15,-8,1163.683554,2887.811261,2081.45121,-806.360051,917.767656,1063668,1401122,708435,-692687,-355233,0,0,0,0,0,0,4096,0,-4096,0,204606,217479,77890,-139589,-126716,276.115953,762.618426,785.579515,22.961089,509.463562
NH2-MULTI2-OUT_OF_ORDER-R058,MULTI2,OUT_OF_ORDER,R058,22,22,7,-15,-15,22,28,13,-15,-9,1087.68012,2821.18085,1939.82298,-881.35787,852.14286,1019926,1405860,607743,-798117,-412183,0,0,0,0,0,0,0,0,0,0,204487,215521,76060,-139461,-128427,270.796293,766.08822,740.499226,-25.588994,469.702933
NH2-MULTI2-OUT_OF_ORDER-R059,MULTI2,OUT_OF_ORDER,R059,22,22,7,-15,-15,22,27,12,-15,-10,1138.075688,2649.065732,1849.328516,-799.737216,711.252828,1045619,1238262,560084,-678178,-485535,0,0,0,0,0,0,0,0,0,0,205378,214573,74761,-139812,-130617,292.802314,738.282245,701.079291,-37.202954,408.276977
NH2-MULTI2-OUT_OF_ORDER-R060,MULTI2,OUT_OF_ORDER,R060,22,22,7,-15,-15,22,29,14,-15,-8,1084.222483,2822.926631,2044.355916,-778.570715,960.133433,990897,1330861,658719,-672142,-332178,0,0,0,0,0,0,0,0,0,0,205079,217952,78122,-139830,-126957,261.332571,726.282912,769.040546,42.757634,507.707975
NH2-MULTI2-OVERLAP-R046,MULTI2,OVERLAP,R046,22,22,4,-18,-18,22,28,10,-18,-12,1230.931383,2855.89989,1911.313981,-944.585909,680.382598,1081943,1344392,501308,-843084,-580635,0,0,0,0,0,0,0,0,0,0,205207,216241,48665,-167576,-156542,452.739785,1171.713772,903.396259,-268.317513,450.656474
NH2-MULTI2-OVERLAP-R047,MULTI2,OVERLAP,R047,22,22,5,-17,-17,22,29,12,-17,-10,1131.168295,2832.764587,2076.386874,-756.377713,945.218579,1023633,1332680,595845,-736835,-427788,0,0,0,0,0,0,0,0,0,0,204737,217610,59788,-157822,-144949,684.754588,1756.097915,1429.411179,-326.686736,744.656591
NH2-MULTI2-OVERLAP-R048,MULTI2,OVERLAP,R048,22,22,7,-15,-15,22,29,14,-15,-8,1116.666352,2808.169638,2093.758062,-714.411576,977.09171,1028533,1353163,638519,-714644,-390014,0,0,0,0,0,0,0,0,0,0,204917,217790,78320,-139470,-126597,670.809911,1707.300188,1319.643911,-387.656277,648.834
NH2-MULTI2-OVERLAP-R049,MULTI2,OVERLAP,R049,22,22,7,-15,-15,22,29,14,-15,-8,1086.147261,3022.711708,1963.647321,-1059.064387,877.50006,1010123,1378523,651555,-726968,-358568,0,0,0,0,0,0,0,0,0,0,204640,217513,78259,-139254,-126381,574.889124,1564.773425,1217.963514,-346.809911,643.07439
NH2-MULTI2-OVERLAP-R050,MULTI2,OVERLAP,R050,22,22,7,-15,-15,22,27,12,-15,-10,1140.731942,2870.349681,1912.782967,-957.566714,772.051025,1014596,1225892,599286,-626606,-415310,507904,0,2699264,2699264,2191360,0,0,4096,4096,4096,204222,213417,74032,-139385,-130190,1051.275254,2395.725128,1736.300415,-659.424713,685.025161
NH2-MULTI2-OVERLAP-R051,MULTI2,OVERLAP,R051,22,22,7,-15,-15,22,29,14,-15,-8,1131.504649,2808.076194,1977.724875,-830.351319,846.220226,1036505,1322331,664090,-658241,-372415,0,0,0,0,0,0,0,0,0,0,205088,217961,78259,-139702,-126829,1073.951803,2632.507215,1871.746178,-760.761037,797.794375
NH2-MULTI2-OVERLAP-R052,MULTI2,OVERLAP,R052,22,22,6,-16,-16,22,28,12,-16,-10,1276.783867,2850.239491,1990.78675,-859.452741,714.002883,1091922,1342654,565391,-777263,-526531,0,53248,0,-53248,0,0,0,0,0,0,204469,215503,67206,-148297,-137263,845.466756,1825.586304,1420.453428,-405.132876,574.986672
NH2-MULTI2-OVERLAP-R053,MULTI2,OVERLAP,R053,22,22,6,-16,-16,22,28,12,-16,-10,1190.892368,2714.845439,1858.830395,-856.015044,667.938027,1078907,1294896,566080,-728816,-512827,0,0,0,0,0,0,0,4096,4096,4096,205396,216430,67334,-149096,-138062,283.305328,697.597617,659.310957,-38.28666,376.005629
NH2-MULTI2-OVERLAP-R054,MULTI2,OVERLAP,R054,22,22,8,-14,-14,22,29,15,-14,-7,1178.943038,3142.007187,2121.106771,-1020.900416,942.163733,1034284,1424781,697380,-727401,-336904,0,0,0,0,0,0,0,0,0,0,204883,217756,87535,-130221,-117348,924.886295,2444.04578,1645.015024,-799.030756,720.128729
NH2-MULTI2-OVERLAP-R055,MULTI2,OVERLAP,R055,22,22,5,-17,-17,22,27,10,-17,-12,1198.873382,2843.69959,1880.503774,-963.195816,681.630392,1073121,1300731,467516,-833215,-605605,0,0,0,0,0,0,0,0,0,0,204179,213374,55930,-157444,-148249,1052.828643,2418.995524,1622.862097,-796.133427,570.033454
NH2-MULTI2-OVERLAP-R056,MULTI2,OVERLAP,R056,22,22,5,-17,-17,22,28,11,-17,-11,1180.967669,2873.791256,2013.326567,-860.464689,832.358898,1059726,1339948,563370,-776578,-496356,0,0,0,0,0,0,0,0,0,0,205826,216860,58130,-158730,-147696,682.732918,1764.866973,1383.794036,-381.072937,701.061118
NH2-MULTI2-OVERLAP-R057,MULTI2,OVERLAP,R057,22,22,7,-15,-15,22,27,12,-15,-10,1151.4071,2779.58512,2009.645074,-769.940046,858.237974,1037936,1283515,584882,-698633,-453054,0,0,0,0,0,0,0,0,0,0,205725,214920,75020,-139900,-130705,686.783817,1424.201123,1188.719949,-235.481174,501.936132
NH2-MULTI2-OVERLAP-R058,MULTI2,OVERLAP,R058,22,22,6,-16,-16,22,29,13,-16,-9,1311.997474,2740.281608,2074.655875,-665.625733,762.658401,1084233,1331722,627369,-704353,-456864,0,0,0,0,0,0,0,16384,16384,16384,205416,218287,68865,-149422,-136551,967.069999,1988.349607,1613.112784,-375.236823,646.042785
NH2-MULTI2-OVERLAP-R059,MULTI2,OVERLAP,R059,22,22,8,-14,-14,22,29,15,-14,-7,1241.60564,2994.044568,2042.977148,-951.06742,801.371508,1087892,1429678,714561,-715117,-373331,0,0,0,0,0,0,0,0,0,0,205603,218476,87672,-130804,-117931,777.976287,1707.674041,1287.683313,-419.990728,509.707026
NH2-MULTI2-OVERLAP-R060,MULTI2,OVERLAP,R060,22,22,9,-13,-13,22,29,16,-13,-6,1165.404199,2818.777963,2118.612357,-700.165606,953.208158,1058745,1385629,785315,-600314,-273430,0,503808,0,-503808,0,0,0,0,0,0,204829,217702,96550,-121152,-108279,463.483598,1049.241597,898.107689,-151.133908,434.624091
NH2-OVERLAP-DISTRACTOR_HEAVY-R046,OVERLAP,DISTRACTOR_HEAVY,R046,22,22,5,-17,-17,22,27,10,-17,-12,1153.243559,2840.120931,1788.56846,-1051.552471,635.324901,1046598,1350686,478011,-872675,-568587,0,0,0,0,0,0,0,0,0,0,203843,213039,55741,-157298,-148102,637.384033,1633.140445,1133.899726,-499.240719,496.515693
NH2-OVERLAP-DISTRACTOR_HEAVY-R047,OVERLAP,DISTRACTOR_HEAVY,R047,22,22,6,-16,-16,22,29,13,-16,-9,1243.46466,3092.057068,1959.352016,-1132.705052,715.887356,1134035,1466052,625677,-840375,-508358,0,0,0,0,0,0,0,0,0,0,204700,217573,69234,-148339,-135466,1032.106245,2398.528143,1647.050476,-751.477667,614.944231
NH2-OVERLAP-DISTRACTOR_HEAVY-R048,OVERLAP,DISTRACTOR_HEAVY,R048,22,22,7,-15,-15,22,29,14,-15,-8,1336.456216,3151.350845,2109.845832,-1041.505013,773.389616,1181897,1424324,690356,-733968,-491541,0,0,0,0,0,4096,0,0,0,-4096,204304,217178,78457,-138721,-125847,277.871837,975.525193,1026.022847,50.497654,748.15101
NH2-OVERLAP-DISTRACTOR_HEAVY-R049,OVERLAP,DISTRACTOR_HEAVY,R049,22,22,6,-16,-16,22,28,12,-16,-10,1252.498602,2774.939284,2088.535264,-686.40402,836.036662,1108791,1347739,589221,-758518,-519570,0,0,0,0,0,0,0,0,0,0,204383,215417,66974,-148443,-137409,749.07716,1719.582799,1418.182496,-301.400303,669.105336
NH2-OVERLAP-DISTRACTOR_HEAVY-R050,OVERLAP,DISTRACTOR_HEAVY,R050,22,22,6,-16,-16,22,28,12,-16,-10,1253.617312,2937.61013,1915.483281,-1022.126849,661.865969,1098077,1336777,562315,-774462,-535762,0,0,0,0,0,0,0,0,0,0,204984,216018,67163,-148855,-137821,669.242069,1382.798626,983.504911,-399.293715,314.262842
NH2-OVERLAP-DISTRACTOR_HEAVY-R051,OVERLAP,DISTRACTOR_HEAVY,R051,22,22,5,-17,-17,22,28,11,-17,-11,1159.18977,2787.470624,1845.647161,-941.823463,686.457391,1079329,1339578,493219,-846359,-586110,0,0,0,0,0,0,4096,0,-4096,0,204185,215219,57571,-157648,-146614,419.215544,1122.869782,937.900219,-184.969563,518.684675
NH2-OVERLAP-DISTRACTOR_HEAVY-R052,OVERLAP,DISTRACTOR_HEAVY,R052,22,22,6,-16,-16,22,29,13,-16,-9,1186.546846,2878.427126,2059.096721,-819.330405,872.549875,1085498,1404561,637811,-766750,-447687,0,0,0,0,0,0,0,0,0,0,204356,217229,68615,-148614,-135741,421.936063,1038.497025,793.879105,-244.61792,371.943042
NH2-OVERLAP-DISTRACTOR_HEAVY-R053,OVERLAP,DISTRACTOR_HEAVY,R053,22,22,7,-15,-15,22,28,13,-15,-9,1236.831221,2760.962317,1962.506684,-798.455633,725.675463,1118441,1364863,618934,-745929,-499507,0,0,0,0,0,0,0,0,0,0,204862,215896,76368,-139528,-128494,463.880367,1212.961427,1046.798375,-166.163052,582.918008
NH2-OVERLAP-DISTRACTOR_HEAVY-R054,OVERLAP,DISTRACTOR_HEAVY,R054,22,22,6,-16,-16,22,28,12,-16,-10,1129.65679,2849.025771,1997.053197,-851.972574,867.396407,1062534,1367456,614145,-753311,-448389,0,0,0,0,0,0,0,0,0,0,203980,215014,66974,-148040,-137006,517.988957,1252.201752,1022.935011,-229.266741,504.946054
NH2-OVERLAP-DISTRACTOR_HEAVY-R055,OVERLAP,DISTRACTOR_HEAVY,R055,22,22,5,-17,-17,22,27,10,-17,-12,1228.869037,2791.758461,1824.344121,-967.41434,595.475084,1089292,1358600,489204,-869396,-600088,0,0,0,0,0,0,0,0,0,0,205274,214469,56281,-158188,-148993,640.118413,1512.683867,1119.365827,-393.31804,479.247414
NH2-OVERLAP-DISTRACTOR_HEAVY-R056,OVERLAP,DISTRACTOR_HEAVY,R056,22,22,5,-17,-17,22,28,11,-17,-11,1189.500913,2839.577453,1998.26784,-841.309613,808.766927,1081812,1350559,536560,-813999,-545252,0,0,0,0,0,0,0,0,0,0,204106,215140,57751,-157389,-146355,372.465903,979.204481,963.011537,-16.192944,590.545634
NH2-OVERLAP-DISTRACTOR_HEAVY-R057,OVERLAP,DISTRACTOR_HEAVY,R057,22,22,5,-17,-17,22,28,11,-17,-11,1175.984836,2936.09832,2067.83074,-868.26758,891.845904,1059138,1378130,600733,-777397,-458405,0,0,0,0,0,0,0,0,0,0,204032,215066,57401,-157665,-146631,765.585065,1896.05299,1521.560545,-374.492445,755.97548
NH2-OVERLAP-DISTRACTOR_HEAVY-R058,OVERLAP,DISTRACTOR_HEAVY,R058,22,22,7,-15,-15,22,29,14,-15,-8,1186.140902,2820.468185,2025.834021,-794.634164,839.693119,1074413,1364240,680348,-683892,-394065,0,0,0,0,0,0,0,0,0,0,204563,217436,77838,-139598,-126725,660.083374,1380.30869,1004.448505,-375.860185,344.365131
NH2-OVERLAP-DISTRACTOR_HEAVY-R059,OVERLAP,DISTRACTOR_HEAVY,R059,22,22,5,-17,-17,22,29,12,-17,-10,1262.944625,2935.912229,1949.223928,-986.688301,686.279303,1103858,1407078,593054,-814024,-510804,0,0,0,0,0,0,0,16384,16384,16384,204700,217573,59788,-157785,-144912,493.805317,1147.938042,873.240791,-274.697251,379.435474
NH2-OVERLAP-DISTRACTOR_HEAVY-R060,OVERLAP,DISTRACTOR_HEAVY,R060,22,22,6,-16,-16,22,29,13,-16,-9,1212.113117,3030.976258,1912.791136,-1118.185122,700.678019,1113719,1405762,622125,-783637,-491594,0,0,0,0,0,0,0,0,0,0,204538,217411,68959,-148452,-135579,575.466438,1638.923228,1079.385577,-559.537651,503.919139
NH2-OVERLAP-MIXED_SAT-R046,OVERLAP,MIXED_SAT,R046,19,19,6,-13,-13,19,25,12,-13,-7,1051.90494,2876.365427,1944.489279,-931.876148,892.584339,928769,1235454,590002,-645452,-338767,0,0,0,0,0,0,0,0,0,0,176320,187354,66658,-120696,-109662,473.265864,1049.020686,765.624564,-283.396122,292.3587
NH2-OVERLAP-MIXED_SAT-R047,OVERLAP,MIXED_SAT,R047,19,19,7,-12,-12,19,24,12,-12,-7,1069.788891,2696.397193,1935.793806,-760.603387,866.004915,955395,1139845,568829,-571016,-386566,0,0,0,0,0,0,0,0,0,0,177443,186638,74761,-111877,-102682,881.154095,2003.992929,1460.176261,-543.816668,579.022166
NH2-OVERLAP-MIXED_SAT-R048,OVERLAP,MIXED_SAT,R048,19,19,3,-16,-16,19,26,10,-16,-9,1025.265185,2792.86736,1849.76411,-943.10325,824.498925,934486,1236376,477568,-758808,-456918,0,0,0,0,0,0,0,0,0,0,176698,189571,41058,-148513,-135640,463.076591,989.048173,718.444219,-270.603954,255.367628
NH2-OVERLAP-MIXED_SAT-R049,OVERLAP,MIXED_SAT,R049,19,19,6,-13,-13,19,25,12,-13,-7,1012.446722,2562.449025,1921.302181,-641.146844,908.855459,936755,1193619,571834,-621785,-364921,0,0,0,0,0,0,0,0,0,0,177472,188506,67181,-121325,-110291,701.036472,1724.225288,1333.667206,-390.558082,632.630734
NH2-OVERLAP-MIXED_SAT-R050,OVERLAP,MIXED_SAT,R050,19,19,5,-14,-14,19,25,11,-14,-8,1125.008948,2710.936709,1923.712294,-787.224415,798.703346,997459,1223213,558450,-664763,-439009,0,479232,0,-479232,0,0,0,0,0,0,176500,187534,57528,-130006,-118972,1011.816833,2386.935118,1689.882699,-697.052419,678.065866
NH2-OVERLAP-MIXED_SAT-R051,OVERLAP,MIXED_SAT,R051,19,19,5,-14,-14,19,26,12,-14,-7,1026.113218,2674.497718,1957.718422,-716.779296,931.605204,931876,1234682,566363,-668319,-365513,0,0,0,0,0,0,0,0,0,0,177040,189913,59590,-130323,-117450,732.43288,1510.863877,1143.598307,-367.26557,411.165427
NH2-OVERLAP-MIXED_SAT-R052,OVERLAP,MIXED_SAT,R052,19,19,5,-14,-14,19,26,12,-14,-7,971.418679,2710.144346,1882.83861,-827.305736,911.419931,908233,1214810,584288,-630522,-323945,0,0,0,0,0,0,0,0,0,0,177479,190352,59779,-130573,-117700,634.470619,1844.630184,1329.417108,-515.213076,694.946489
NH2-OVERLAP-MIXED_SAT-R053,OVERLAP,MIXED_SAT,R053,19,19,5,-14,-14,19,26,12,-14,-7,1014.434576,2946.332665,2018.133133,-928.199532,1003.698557,896640,1261903,564644,-697259,-331996,0,0,0,0,0,0,0,0,0,0,176921,189794,59590,-130204,-117331,383.711237,1510.861051,1072.130382,-438.730669,688.419145
NH2-OVERLAP-MIXED_SAT-R054,OVERLAP,MIXED_SAT,R054,19,19,4,-15,-15,19,25,10,-15,-9,984.322892,2621.227484,1762.736458,-858.491026,778.413566,934679,1171454,470495,-700959,-464184,0,0,0,0,0,0,0,0,0,0,177101,188135,48494,-139641,-128607,628.259453,1663.10722,1243.760774,-419.346446,615.501321
NH2-OVERLAP-MIXED_SAT-R055,OVERLAP,MIXED_SAT,R055,19,19,4,-15,-15,19,26,11,-15,-8,964.098398,2769.340053,1875.467698,-893.872355,911.3693,904337,1221978,551147,-670831,-353190,0,0,0,0,0,0,0,0,0,0,177092,189965,50324,-139641,-126768,282.490201,1203.82026,910.853411,-292.966849,628.36321
NH2-OVERLAP-MIXED_SAT-R056,OVERLAP,MIXED_SAT,R056,19,19,8,-11,-11,19,25,14,-11,-5,995.556448,2758.152929,1991.616795,-766.536134,996.060347,924700,1220041,619547,-600494,-305153,0,0,0,0,0,0,0,0,0,0,177022,188056,85866,-102190,-91156,290.071979,1045.67371,816.146558,-229.527152,526.074579
NH2-OVERLAP-MIXED_SAT-R057,OVERLAP,MIXED_SAT,R057,19,19,5,-14,-14,19,26,12,-14,-7,1011.012052,2678.731582,2002.286159,-676.445423,991.274107,908632,1202662,587362,-615300,-321270,0,0,0,0,0,0,0,0,0,0,177281,190154,59770,-130384,-117511,477.106146,1346.196768,1013.079772,-333.116996,535.973626
NH2-OVERLAP-MIXED_SAT-R058,OVERLAP,MIXED_SAT,R058,19,19,5,-14,-14,19,26,12,-14,-7,1150.087865,2673.430853,2125.939349,-547.491504,975.851484,986146,1238942,611904,-627038,-374242,0,0,0,0,0,0,0,0,0,0,176775,189648,59401,-130247,-117374,777.550393,1625.054159,1416.52276,-208.531399,638.972367
NH2-OVERLAP-MIXED_SAT-R059,OVERLAP,MIXED_SAT,R059,19,19,5,-14,-14,19,24,10,-14,-9,978.507805,2557.166296,1728.568621,-828.597675,750.060816,882997,1112884,451406,-661478,-431591,0,786432,0,-786432,0,0,0,0,0,0,177169,186364,55903,-130461,-121266,518.217466,1364.362698,1000.803474,-363.559224,482.586008
NH2-OVERLAP-MIXED_SAT-R060,OVERLAP,MIXED_SAT,R060,19,19,7,-12,-12,19,26,14,-12,-5,1015.104803,2736.932423,2022.112787,-714.819636,1007.007984,917201,1265522,676176,-589346,-241025,0,0,0,0,0,0,0,0,0,0,177299,190172,78646,-111526,-98653,353.767868,1110.589264,1049.092115,-61.497149,695.324247
NH2-OVERLAP-ORDERED-R046,OVERLAP,ORDERED,R046,22,22,6,-16,-16,22,28,12,-16,-10,1178.857842,2851.205726,1926.487815,-924.717911,747.629973,1067546,1354755,602856,-751899,-464690,0,0,0,0,0,0,4096,0,-4096,0,205670,216704,67334,-149370,-138336,217.260364,611.297883,625.532218,14.234335,408.271854
NH2-OVERLAP-ORDERED-R047,OVERLAP,ORDERED,R047,22,22,5,-17,-17,22,28,11,-17,-11,1132.670908,2562.071962,1861.95069,-700.121272,729.279782,999930,1272760,519406,-753354,-480524,0,0,0,0,0,0,0,0,0,0,204395,215429,57391,-158038,-147004,236.457085,622.624099,674.823015,52.198916,438.36593
NH2-OVERLAP-ORDERED-R048,OVERLAP,ORDERED,R048,22,22,5,-17,-17,22,29,12,-17,-10,1198.751325,2741.929349,1826.50056,-915.428789,627.749235,1085133,1377325,549145,-828180,-535988,0,0,0,0,0,0,0,0,0,0,204572,217445,59410,-158035,-145162,229.60157,636.459044,686.164941,49.705897,456.563371
NH2-OVERLAP-ORDERED-R049,OVERLAP,ORDERED,R049,22,22,6,-16,-16,22,29,13,-16,-9,1247.055677,2979.040902,2056.106077,-922.934825,809.0504,1101040,1430422,608065,-822357,-492975,0,0,0,0,0,0,0,0,0,0,205060,217933,68993,-148940,-136067,250.476473,723.251987,721.340488,-1.911499,470.864015
NH2-OVERLAP-ORDERED-R050,OVERLAP,ORDERED,R050,22,22,6,-16,-16,22,29,13,-16,-9,1071.228292,2959.097716,1933.962116,-1025.1356,862.733824,991057,1393401,625345,-768056,-365712,0,0,0,0,0,0,0,0,0,0,205295,218168,69054,-149114,-136241,219.380352,731.296923,774.486643,43.18972,555.106291
NH2-OVERLAP-ORDERED-R051,OVERLAP,ORDERED,R051,22,22,5,-17,-17,22,28,11,-17,-11,1147.388082,2958.277338,1854.433344,-1103.843994,707.045262,1044758,1369115,548756,-820359,-496002,0,0,0,0,0,0,0,0,0,0,205481,216515,57931,-158584,-147550,241.1669,728.980632,668.617468,-60.363164,427.450568
NH2-OVERLAP-ORDERED-R052,OVERLAP,ORDERED,R052,22,22,7,-15,-15,22,29,14,-15,-8,1484.444799,2936.665761,2166.071286,-770.594475,681.626487,1188927,1363809,683750,-680059,-505177,0,0,0,0,0,0,0,0,0,0,204463,217335,77960,-139375,-126503,239.581886,750.548576,704.442929,-46.105647,464.861043
NH2-OVERLAP-ORDERED-R053,OVERLAP,ORDERED,R053,22,22,7,-15,-15,22,28,13,-15,-9,1130.605146,2757.124655,2100.105275,-657.01938,969.500129,1043442,1303728,635798,-667930,-407644,0,0,0,0,0,0,0,0,0,0,204984,216018,76240,-139778,-128744,242.870943,685.997981,837.5317,151.533719,594.660757
NH2-OVERLAP-ORDERED-R054,OVERLAP,ORDERED,R054,22,22,6,-16,-16,22,29,13,-16,-9,1154.029226,2837.898549,1893.747812,-944.150737,739.718586,1068073,1403712,635442,-768270,-432631,0,0,0,0,0,0,0,0,0,0,205560,218433,68993,-149440,-136567,234.926597,691.690706,666.295488,-25.395218,431.368891
NH2-OVERLAP-ORDERED-R055,OVERLAP,ORDERED,R055,22,22,5,-17,-17,22,28,11,-17,-11,1071.412426,2793.716836,1902.466607,-891.250229,831.054181,1003931,1317143,533406,-783737,-470525,0,0,0,0,0,0,0,0,0,0,205596,216630,57769,-158861,-147827,230.75561,658.062613,689.411536,31.348923,458.655926
NH2-OVERLAP-ORDERED-R056,OVERLAP,ORDERED,R056,22,22,6,-16,-16,22,28,12,-16,-10,1196.724315,2866.626263,2003.011249,-863.615014,806.286934,1090141,1378142,585019,-793123,-505122,0,0,0,0,0,0,0,0,0,0,205877,216911,67386,-149525,-138491,223.160814,655.652026,678.936164,23.284138,455.77535
NH2-OVERLAP-ORDERED-R057,OVERLAP,ORDERED,R057,22,22,6,-16,-16,22,28,12,-16,-10,1176.885614,2729.403685,2049.297623,-680.106062,872.412009,1059502,1325706,572649,-753057,-486853,0,0,0,0,0,0,0,0,0,0,204197,215231,66666,-148565,-137531,239.980039,654.220384,643.332204,-10.88818,403.352165
NH2-OVERLAP-ORDERED-R058,OVERLAP,ORDERED,R058,22,22,8,-14,-14,22,29,15,-14,-7,1173.953045,2795.316483,1996.68539,-798.631093,822.732345,1060991,1389193,686912,-702281,-374079,0,0,0,0,0,0,0,0,0,0,204435,217308,87104,-130204,-117331,254.291987,657.570782,654.998517,-2.572265,400.70653
NH2-OVERLAP-ORDERED-R059,OVERLAP,ORDERED,R059,22,22,7,-15,-15,22,28,13,-15,-9,1271.417615,3089.516719,2056.443763,-1033.072956,785.026148,1120483,1564720,587254,-977466,-533229,0,27332608,0,-27332608,0,0,4096,0,-4096,0,204437,215471,75941,-139530,-128496,259.984427,649.430909,654.789761,5.358852,394.805334
NH2-OVERLAP-ORDERED-R060,OVERLAP,ORDERED,R060,22,22,6,-16,-16,22,28,12,-16,-10,1185.110747,3017.518077,1924.304991,-1093.213086,739.194244,1060520,1416494,579942,-836552,-480578,0,0,0,0,0,0,0,0,0,0,205621,216655,67404,-149251,-138217,256.152013,673.053933,689.396209,16.342276,433.244196
NH2-OVERLAP-OUT_OF_ORDER-R046,OVERLAP,OUT_OF_ORDER,R046,22,22,5,-17,-17,22,29,12,-17,-10,1154.488929,2809.656436,1902.796382,-906.860054,748.307453,1046906,1330845,574136,-756709,-472770,0,229376,0,-229376,0,0,0,0,0,0,205088,217961,59590,-158371,-145498,255.409219,699.405051,684.567937,-14.837114,429.158718
NH2-OVERLAP-OUT_OF_ORDER-R047,OVERLAP,OUT_OF_ORDER,R047,22,22,5,-17,-17,22,27,10,-17,-12,1203.606847,2845.745139,1786.794467,-1058.950672,583.18762,1065734,1306824,509680,-797144,-556054,0,0,0,0,0,0,0,0,0,0,204009,213203,55561,-157642,-148448,224.66076,659.286716,628.034876,-31.25184,403.374116
NH2-OVERLAP-OUT_OF_ORDER-R048,OVERLAP,OUT_OF_ORDER,R048,22,22,5,-17,-17,22,28,11,-17,-11,1244.703559,2898.235238,1956.161429,-942.073809,711.45787,1090646,1374894,539118,-835776,-551528,0,0,0,0,0,0,0,0,0,0,205920,216954,57931,-159023,-147989,269.24493,739.487025,660.095886,-79.391139,390.850956
NH2-OVERLAP-OUT_OF_ORDER-R049,OVERLAP,OUT_OF_ORDER,R049,22,22,6,-16,-16,22,28,12,-16,-10,1158.279066,3022.177994,2040.838705,-981.339289,882.559639,1066654,1394875,609588,-785287,-457066,0,0,0,0,0,0,0,0,0,0,205139,216173,67163,-149010,-137976,226.655288,734.050791,706.424591,-27.6262,479.769303
NH2-OVERLAP-OUT_OF_ORDER-R050,OVERLAP,OUT_OF_ORDER,R050,22,22,6,-16,-16,22,27,11,-16,-11,1236.501224,2868.008411,1887.79339,-980.215021,651.292166,1060049,1290755,519086,-771669,-540963,0,0,0,0,0,0,0,0,0,0,205619,214814,65547,-149267,-140072,353.843828,640.787303,620.109472,-20.677831,266.265644
NH2-OVERLAP-OUT_OF_ORDER-R051,OVERLAP,OUT_OF_ORDER,R051,22,22,5,-17,-17,22,27,10,-17,-12,1266.388219,2914.304044,1876.150375,-1038.153669,609.762156,1114337,1350367,507102,-843265,-607235,0,0,0,0,0,0,0,0,0,0,204896,214091,56092,-157999,-148804,262.956587,668.799665,665.84644,-2.953225,402.889853
NH2-OVERLAP-OUT_OF_ORDER-R052,OVERLAP,OUT_OF_ORDER,R052,22,22,6,-16,-16,22,29,13,-16,-9,1118.656272,3037.488444,2174.127542,-863.360902,1055.47127,1028256,1398477,662473,-736004,-365783,0,0,0,0,0,0,0,0,0,0,205484,218357,68814,-149543,-136670,256.646786,695.914177,658.844218,-37.069959,402.197432
NH2-OVERLAP-OUT_OF_ORDER-R053,OVERLAP,OUT_OF_ORDER,R053,22,22,5,-17,-17,22,29,12,-17,-10,1339.555034,3067.493794,1929.861733,-1137.632061,590.306699,1117220,1473307,573257,-900050,-543963,0,0,0,0,0,0,0,0,0,0,205517,218390,59590,-158800,-145927,245.188379,708.97731,697.754572,-11.222738,452.566193
NH2-OVERLAP-OUT_OF_ORDER-R054,OVERLAP,OUT_OF_ORDER,R054,22,22,6,-16,-16,22,28,12,-16,-10,1144.863021,2883.38885,2089.230612,-794.158238,944.367591,1061518,1355227,573339,-781888,-488179,0,0,0,0,0,0,0,0,0,0,205713,216747,67334,-149413,-138379,229.142032,654.320021,618.231131,-36.08889,389.089099
NH2-OVERLAP-OUT_OF_ORDER-R055,OVERLAP,OUT_OF_ORDER,R055,22,22,6,-16,-16,22,28,12,-16,-10,1205.099975,2943.643502,1976.149437,-967.494065,771.049462,1108013,1381124,594979,-786145,-513034,0,0,0,0,0,0,0,0,0,0,204574,215609,66812,-148797,-137762,248.130511,641.070705,621.9543,-19.116405,373.823789
NH2-OVERLAP-OUT_OF_ORDER-R056,OVERLAP,OUT_OF_ORDER,R056,22,22,5,-17,-17,22,27,10,-17,-12,1288.415635,2990.609257,1783.542947,-1207.06631,495.127312,1129387,1339551,493636,-845915,-635751,0,0,0,0,0,0,0,0,0,0,205326,214522,56092,-158430,-149234,224.315177,674.284885,627.201511,-47.083374,402.886334
NH2-OVERLAP-OUT_OF_ORDER-R057,OVERLAP,OUT_OF_ORDER,R057,22,22,5,-17,-17,22,28,11,-17,-11,1129.541559,2736.519622,1938.434793,-798.084829,808.893234,1024764,1298618,529617,-769001,-495147,0,0,0,0,0,0,0,0,0,0,205880,216914,57949,-158965,-147931,240.47808,619.429898,662.993674,43.563776,422.515594
NH2-OVERLAP-OUT_OF_ORDER-R058,OVERLAP,OUT_OF_ORDER,R058,22,22,5,-17,-17,22,29,12,-17,-10,1165.379108,2861.620486,1902.095271,-959.525215,736.716163,1064778,1384402,592626,-791776,-472152,0,0,0,0,0,0,0,0,0,0,204761,217634,59410,-158224,-145351,237.47837,781.347033,744.480592,-36.866441,507.002222
NH2-OVERLAP-OUT_OF_ORDER-R059,OVERLAP,OUT_OF_ORDER,R059,22,22,5,-17,-17,22,28,11,-17,-11,1233.154794,2957.409206,1900.361907,-1057.047299,667.207113,1105461,1380985,559863,-821122,-545598,0,0,0,0,0,0,0,0,0,0,204106,215140,57562,-157578,-146544,220.679576,666.058679,734.312606,68.253927,513.63303
NH2-OVERLAP-OUT_OF_ORDER-R060,OVERLAP,OUT_OF_ORDER,R060,22,22,8,-14,-14,22,29,15,-14,-7,1158.677878,2954.056247,2163.781757,-790.27449,1005.103879,1058938,1377787,729594,-648193,-329344,0,0,0,0,0,0,0,0,0,0,204651,217525,87259,-130266,-117392,232.787852,696.594316,666.591773,-30.002543,433.803921
NH2-OVERLAP-OVERLAP-R046,OVERLAP,OVERLAP,R046,22,22,4,-18,-18,22,29,11,-18,-11,1178.648247,2957.83746,1831.886563,-1125.950897,653.238316,1074705,1416353,539077,-877276,-535628,0,0,0,0,0,0,0,0,0,0,204694,217567,50144,-167423,-154550,421.012432,1014.207429,774.27325,-239.934179,353.260818
NH2-OVERLAP-OVERLAP-R047,OVERLAP,OVERLAP,R047,22,22,5,-17,-17,22,29,12,-17,-10,1115.212168,2840.774049,1886.685168,-954.088881,771.473,1027914,1389335,580899,-808436,-447015,0,0,0,0,0,0,0,0,0,0,205225,218098,59727,-158371,-145498,564.173719,1391.878409,1047.42501,-344.453399,483.251291
NH2-OVERLAP-OVERLAP-R048,OVERLAP,OVERLAP,R048,22,22,8,-14,-14,22,27,13,-14,-9,1092.109248,3028.220719,2103.364481,-924.856238,1011.255233,1010163,1352895,630075,-722820,-380088,0,0,0,0,0,0,0,4096,4096,4096,206435,215631,84353,-131278,-122082,531.28112,1650.045737,1148.317808,-501.727929,617.036688
NH2-OVERLAP-OVERLAP-R049,OVERLAP,OVERLAP,R049,22,22,6,-16,-16,22,27,11,-16,-11,1240.93692,2849.38889,1850.834292,-998.554598,609.897372,1140059,1340526,523755,-816771,-616304,5591040,0,0,0,-5591040,33792,0,0,0,-33792,203908,213103,64980,-148123,-138928,286.559903,839.116529,642.655787,-196.460742,356.095884
NH2-OVERLAP-OVERLAP-R050,OVERLAP,OVERLAP,R050,22,22,7,-15,-15,22,29,14,-15,-8,1264.294637,3021.033486,1985.580298,-1035.453188,721.285661,1088703,1404076,661164,-742912,-427539,0,0,0,0,0,0,0,0,0,0,205542,218415,78457,-139958,-127085,541.415696,1455.938086,1130.913268,-325.024818,589.497572
NH2-OVERLAP-OVERLAP-R051,OVERLAP,OVERLAP,R051,22,22,6,-16,-16,22,29,13,-16,-9,1156.351491,2970.666476,1979.484285,-991.182191,823.132794,1056823,1395893,619421,-776472,-437402,0,0,0,0,0,0,0,0,0,0,204435,217308,69002,-148306,-135433,864.100616,2233.05693,1509.305163,-723.751767,645.204547
NH2-OVERLAP-OVERLAP-R052,OVERLAP,OVERLAP,R052,22,22,5,-17,-17,22,29,12,-17,-10,1259.195996,2821.549714,1976.121477,-845.428237,716.925481,1083312,1399696,598900,-800796,-484412,0,0,0,0,0,0,0,0,0,0,205371,218244,59727,-158517,-145644,850.739695,1981.43464,1438.174493,-543.260147,587.434798
NH2-OVERLAP-OVERLAP-R053,OVERLAP,OVERLAP,R053,22,22,6,-16,-16,22,29,13,-16,-9,1238.241692,3006.479978,1905.593834,-1100.886144,667.352142,1076769,1428482,621767,-806715,-455002,0,0,0,0,0,0,0,0,0,0,204831,217704,68950,-148754,-135881,247.748312,969.119264,810.137603,-158.981661,562.389291
NH2-OVERLAP-OVERLAP-R054,OVERLAP,OVERLAP,R054,22,22,6,-16,-16,22,29,13,-16,-9,1173.268595,3047.476585,2075.700169,-971.776416,902.431574,1067897,1411010,639859,-771151,-428038,0,0,0,0,0,0,0,0,0,0,204633,217506,69139,-148367,-135494,983.806976,2447.437627,1763.639808,-683.797819,779.832832
NH2-OVERLAP-OVERLAP-R055,OVERLAP,OVERLAP,R055,22,22,6,-16,-16,22,29,13,-16,-9,1165.773357,2983.731624,1941.786777,-1041.944847,776.01342,1062176,1393079,633088,-759991,-429088,0,0,0,0,0,0,0,0,0,0,205301,218174,68993,-149181,-136308,410.393488,1132.02603,919.797696,-212.228334,509.404208
NH2-OVERLAP-OVERLAP-R056,OVERLAP,OVERLAP,R056,22,22,5,-17,-17,22,28,11,-17,-11,1195.690236,2760.282068,1730.146634,-1030.135434,534.456398,1078586,1334404,528830,-805574,-549756,0,0,0,0,0,4096,0,0,0,-4096,205639,216673,58086,-158587,-147553,625.399476,1422.853627,966.963141,-455.890486,341.563665
NH2-OVERLAP-OVERLAP-R057,OVERLAP,OVERLAP,R057,22,22,5,-17,-17,22,29,12,-17,-10,1186.551415,2889.265038,2001.772737,-887.492301,815.221322,1084819,1401332,586676,-814656,-498143,0,0,0,0,0,0,0,0,0,0,204383,217256,59410,-157846,-144973,513.872979,1361.181009,1023.939914,-337.241095,510.066935
NH2-OVERLAP-OVERLAP-R058,OVERLAP,OVERLAP,R058,22,22,7,-15,-15,22,29,14,-15,-8,1167.690506,2837.310595,2065.797536,-771.513059,898.10703,1071861,1391402,691677,-699725,-380184,0,0,0,0,0,0,0,0,0,0,204975,217848,78216,-139632,-126759,684.896784,1672.482831,1302.911134,-369.571697,618.01435
NH2-OVERLAP-OVERLAP-R059,OVERLAP,OVERLAP,R059,22,22,6,-16,-16,22,28,12,-16,-10,1006.9524,2630.362523,2055.254958,-575.107565,1048.302558,950396,1266047,578601,-687446,-371795,0,0,0,0,0,0,0,0,0,0,206058,217092,67145,-149947,-138913,607.959986,1587.975987,1254.468241,-333.507746,646.508255
NH2-OVERLAP-OVERLAP-R060,OVERLAP,OVERLAP,R060,22,22,5,-17,-17,22,28,11,-17,-11,1166.03885,2886.817374,1899.572157,-987.245217,733.533307,1069326,1369154,556753,-812401,-512573,0,0,0,0,0,0,0,0,0,0,204066,215100,57760,-157340,-146306,859.541285,2097.669772,1439.012326,-658.657446,579.471041
NH2-SINGLE-DISTRACTOR_HEAVY-R046,SINGLE,DISTRACTOR_HEAVY,R046,22,22,5,-17,-17,22,28,11,-17,-11,1310.896949,2982.375454,1852.82908,-1129.546374,541.932131,1174297,1407259,526887,-880372,-647410,0,0,0,0,0,0,0,0,0,0,204175,215209,57467,-157742,-146708,564.199667,1199.724244,783.931507,-415.792737,219.73184
NH2-SINGLE-DISTRACTOR_HEAVY-R047,SINGLE,DISTRACTOR_HEAVY,R047,22,22,3,-19,-19,22,28,9,-19,-13,1321.89894,2785.531696,1780.171968,-1005.359728,458.273028,1157280,1372945,463427,-909518,-693853,0,0,0,0,0,0,0,0,0,0,203995,215029,39039,-175990,-164956,178.14149,622.423763,592.160312,-30.263451,414.018822
NH2-SINGLE-DISTRACTOR_HEAVY-R048,SINGLE,DISTRACTOR_HEAVY,R048,22,22,3,-19,-19,22,29,10,-19,-12,1183.572647,2970.543438,1831.480315,-1139.063123,647.907668,1079077,1477941,506840,-971101,-572237,0,0,0,0,0,0,0,0,0,0,204346,217219,41015,-176204,-163331,439.869252,1054.484104,721.172152,-333.311952,281.3029
NH2-SINGLE-DISTRACTOR_HEAVY-R049,SINGLE,DISTRACTOR_HEAVY,R049,22,22,6,-16,-16,22,27,11,-16,-11,1153.659047,2797.729642,1808.96559,-988.764052,655.306543,1073157,1360868,551205,-809663,-521952,0,0,0,0,0,0,0,0,0,0,204398,213593,65263,-148330,-139135,444.12906,1183.564208,908.246675,-275.317533,464.117615
NH2-SINGLE-DISTRACTOR_HEAVY-R050,SINGLE,DISTRACTOR_HEAVY,R050,22,22,3,-19,-19,22,28,9,-19,-13,1258.408757,2970.997602,1858.44423,-1112.553372,600.035473,1129631,1418395,450357,-968038,-679274,0,0,0,0,0,0,0,0,0,0,204371,215405,39021,-176384,-165350,314.702184,954.20409,753.468754,-200.735336,438.76657
NH2-SINGLE-DISTRACTOR_HEAVY-R051,SINGLE,DISTRACTOR_HEAVY,R051,22,22,2,-20,-20,22,28,8,-20,-14,1211.668558,2989.322079,1865.257679,-1124.0644,653.589121,1115179,1383450,419672,-963778,-695507,0,0,0,0,0,0,0,0,0,0,204191,215225,29901,-185324,-174290,235.976124,661.500863,547.527148,-113.973715,311.551024
NH2-SINGLE-DISTRACTOR_HEAVY-R052,SINGLE,DISTRACTOR_HEAVY,R052,22,22,3,-19,-19,22,28,9,-19,-13,1178.778989,2744.175776,1721.862143,-1022.313633,543.083154,1085865,1342073,443487,-898586,-642378,0,0,0,0,0,0,0,0,0,0,204063,215097,39030,-176067,-165033,370.493371,985.099565,826.687676,-158.411889,456.194305
NH2-SINGLE-DISTRACTOR_HEAVY-R053,SINGLE,DISTRACTOR_HEAVY,R053,22,22,4,-18,-18,22,28,10,-18,-12,1351.973001,2897.263944,1822.12062,-1075.143324,470.147619,1180447,1389128,504139,-884989,-676308,0,0,0,0,0,0,0,0,0,0,204355,215389,48253,-167136,-156102,482.322578,1105.283992,771.458649,-333.825343,289.136071
NH2-SINGLE-DISTRACTOR_HEAVY-R054,SINGLE,DISTRACTOR_HEAVY,R054,22,22,3,-19,-19,22,28,9,-19,-13,1292.13701,2942.446548,1777.047318,-1165.39923,484.910308,1148865,1403606,443595,-960011,-705270,0,0,0,0,0,0,0,0,0,0,203530,214563,38841,-175722,-164689,344.758338,826.148476,630.375511,-195.772965,285.617173
NH2-SINGLE-DISTRACTOR_HEAVY-R055,SINGLE,DISTRACTOR_HEAVY,R055,22,22,5,-17,-17,22,27,10,-17,-12,1174.780808,3017.623012,1781.10052,-1236.522492,606.319712,1082775,1398950,471406,-927544,-611369,0,0,0,0,0,0,0,0,0,0,203532,212729,55561,-157168,-147971,478.636468,1356.313161,947.566569,-408.746592,468.930101
NH2-SINGLE-DISTRACTOR_HEAVY-R056,SINGLE,DISTRACTOR_HEAVY,R056,22,22,3,-19,-19,22,27,8,-19,-14,1350.312012,2934.191642,1737.496049,-1196.695593,387.184037,1182639,1427229,422740,-1004489,-759899,0,0,0,0,0,0,0,0,0,0,203761,212957,37182,-175775,-166579,622.190237,1112.917813,707.696794,-405.221019,85.506557
NH2-SINGLE-DISTRACTOR_HEAVY-R057,SINGLE,DISTRACTOR_HEAVY,R057,22,22,3,-19,-19,22,27,8,-19,-14,1214.170498,2688.866464,1878.156505,-810.709959,663.986007,1104651,1328661,422663,-905998,-681988,0,0,0,0,0,0,4096,0,-4096,0,204362,213557,37130,-176427,-167232,150.620052,548.217184,522.825531,-25.391653,372.205479
NH2-SINGLE-DISTRACTOR_HEAVY-R058,SINGLE,DISTRACTOR_HEAVY,R058,22,22,3,-19,-19,22,27,8,-19,-14,1175.034144,2731.015375,1833.106936,-897.908439,658.072792,1060342,1319559,399311,-920248,-661031,0,0,0,0,0,0,0,0,0,0,203609,212805,37002,-175803,-166607,439.224038,1096.483287,831.087015,-265.396272,391.862977
NH2-SINGLE-DISTRACTOR_HEAVY-R059,SINGLE,DISTRACTOR_HEAVY,R059,22,22,4,-18,-18,22,28,10,-18,-12,1359.242454,2976.539574,1831.904266,-1144.635308,472.661812,1180324,1442210,510807,-931403,-669517,0,0,0,0,0,0,0,0,0,0,204947,215982,48665,-167317,-156282,158.319974,504.165091,531.217016,27.051925,372.897042
NH2-SINGLE-DISTRACTOR_HEAVY-R060,SINGLE,DISTRACTOR_HEAVY,R060,22,22,4,-18,-18,22,27,9,-18,-13,1205.753093,2821.934964,1787.804015,-1034.130949,582.050922,1118458,1362561,415514,-947047,-702944,0,0,0,0,0,0,0,0,0,0,203496,212691,46396,-166295,-157100,564.26519,1307.864556,964.899599,-342.964957,400.634409
NH2-SINGLE-MIXED_SAT-R046,SINGLE,MIXED_SAT,R046,19,19,3,-16,-16,19,25,9,-16,-10,994.565716,2734.626566,1755.881866,-978.7447,761.31615,920152,1204839,455066,-749773,-465086,0,0,0,0,0,0,0,0,0,0,176079,187113,39167,-147946,-136912,275.498734,853.891098,688.561964,-165.329134,413.06323
NH2-SINGLE-MIXED_SAT-R047,SINGLE,MIXED_SAT,R047,19,19,4,-15,-15,19,25,10,-15,-9,1153.911997,2923.437063,1910.854683,-1012.58238,756.942686,998645,1267723,529015,-738708,-469630,0,0,0,0,0,0,0,0,0,0,176036,187072,48253,-138819,-127783,524.611841,1342.799931,1035.67211,-307.127821,511.060269
NH2-SINGLE-MIXED_SAT-R048,SINGLE,MIXED_SAT,R048,19,19,4,-15,-15,19,25,10,-15,-9,1052.223229,2648.800884,1889.141334,-759.65955,836.918105,949216,1231788,476111,-755677,-473105,0,0,0,0,0,0,0,0,0,0,176656,187689,48494,-139195,-128162,132.52576,467.202213,540.583401,73.381188,408.057641
NH2-SINGLE-MIXED_SAT-R049,SINGLE,MIXED_SAT,R049,19,19,3,-16,-16,19,25,9,-16,-10,1095.252845,2710.846823,1878.114653,-832.73217,782.861808,1012349,1252753,479406,-773347,-532943,0,0,0,0,0,0,0,0,0,0,177408,188442,39399,-149043,-138009,338.225172,914.689653,833.703066,-80.986587,495.477894
NH2-SINGLE-MIXED_SAT-R050,SINGLE,MIXED_SAT,R050,19,19,6,-13,-13,19,24,11,-13,-8,1181.64203,2654.64352,1960.677998,-693.965522,779.035968,1061580,1238603,632762,-605841,-428818,0,0,0,0,0,0,0,0,0,0,176465,185660,65177,-120483,-111288,474.21029,1060.211948,869.662119,-190.549829,395.451829
NH2-SINGLE-MIXED_SAT-R051,SINGLE,MIXED_SAT,R051,19,19,4,-15,-15,19,26,11,-15,-8,1007.729195,2826.102736,1957.078736,-869.024,949.349541,943121,1268921,544171,-724750,-398950,0,0,0,0,0,0,0,0,0,0,177067,189940,50281,-139659,-126786,453.610911,1201.511875,944.893112,-256.618763,491.282201
NH2-SINGLE-MIXED_SAT-R052,SINGLE,MIXED_SAT,R052,19,19,5,-14,-14,19,26,12,-14,-7,1055.587874,2728.603357,2156.117426,-572.485931,1100.529552,968795,1299086,594715,-704371,-374080,0,0,0,0,0,0,0,0,0,0,176911,189785,59556,-130229,-117355,332.826696,954.003937,915.616687,-38.38725,582.789991
NH2-SINGLE-MIXED_SAT-R053,SINGLE,MIXED_SAT,R053,19,19,3,-16,-16,19,25,9,-16,-10,1095.524185,2720.991245,1808.006455,-912.98479,712.48227,1008414,1273777,479267,-794510,-529147,0,0,0,0,0,0,0,0,0,0,176884,187918,39124,-148794,-137760,375.564231,893.355311,705.660387,-187.694924,330.096156
NH2-SINGLE-MIXED_SAT-R054,SINGLE,MIXED_SAT,R054,19,19,3,-16,-16,19,25,9,-16,-10,1060.464486,2649.599249,1780.847364,-868.751885,720.382878,965568,1223720,465638,-758082,-499930,0,0,0,0,0,0,0,0,0,0,176259,187293,38850,-148443,-137409,276.461335,739.558319,601.203233,-138.355086,324.741898
NH2-SINGLE-MIXED_SAT-R055,SINGLE,MIXED_SAT,R055,19,19,4,-15,-15,19,25,10,-15,-9,1019.304685,2652.982793,1761.354588,-891.628205,742.049903,938874,1208691,501281,-707410,-437593,0,0,0,0,0,0,0,0,0,0,176988,188022,48235,-139787,-128753,388.570313,1071.745203,799.159854,-272.585349,410.589541
NH2-SINGLE-MIXED_SAT-R056,SINGLE,MIXED_SAT,R056,19,19,5,-14,-14,19,26,12,-14,-7,1114.441439,2787.434707,2120.971022,-666.463685,1006.529583,980236,1256390,588132,-668258,-392104,0,0,0,0,0,0,0,0,0,0,177109,189982,59839,-130143,-117270,419.737978,944.123633,915.085833,-29.0378,495.347855
NH2-SINGLE-MIXED_SAT-R057,SINGLE,MIXED_SAT,R057,19,19,4,-15,-15,19,25,10,-15,-9,1063.825669,2648.887697,1882.610946,-766.276751,818.785277,982696,1256587,491183,-765404,-491513,0,0,0,0,0,0,0,0,0,0,175914,186948,48262,-138686,-127652,229.155898,726.413497,612.754383,-113.659114,383.598485
NH2-SINGLE-MIXED_SAT-R058,SINGLE,MIXED_SAT,R058,19,19,6,-13,-13,19,24,11,-13,-8,1185.988753,2653.183044,1963.908108,-689.274936,777.919355,994751,1202649,571872,-630777,-422879,0,0,0,0,0,0,0,0,0,0,176369,185564,64833,-120731,-111536,277.74069,824.798686,713.84256,-110.956126,436.10187
NH2-SINGLE-MIXED_SAT-R059,SINGLE,MIXED_SAT,R059,19,19,6,-13,-13,19,25,12,-13,-7,1075.8694,2681.146531,1937.242101,-743.90443,861.372701,975782,1189819,601420,-588399,-374362,0,0,0,0,0,0,0,0,0,0,176423,187457,66803,-120654,-109620,672.869242,1629.012373,1140.791334,-488.221039,467.922092
NH2-SINGLE-MIXED_SAT-R060,SINGLE,MIXED_SAT,R060,19,19,4,-15,-15,19,24,9,-15,-10,1063.689866,2657.428525,1857.421434,-800.007091,793.731568,976150,1196342,470054,-726288,-506096,0,0,0,0,0,0,0,0,0,0,177829,187024,46731,-140293,-131098,310.920947,936.209863,714.4166,-221.793263,403.495653
NH2-SINGLE-ORDERED-R046,SINGLE,ORDERED,R046,22,22,5,-17,-17,22,26,9,-17,-13,1203.323581,2581.686041,1750.035747,-831.650294,546.712166,1113072,1244728,445637,-799091,-667435,0,0,0,0,0,0,0,0,0,0,205600,212956,54631,-158325,-150969,147.004708,449.919827,449.210574,-0.709253,302.205866
NH2-SINGLE-ORDERED-R047,SINGLE,ORDERED,R047,22,22,4,-18,-18,22,28,10,-18,-12,1237.665305,3107.275383,1968.006972,-1139.268411,730.341667,1139908,1486837,503585,-983252,-636323,0,0,0,0,0,0,0,0,0,0,203745,214780,48064,-166716,-155681,142.534371,613.570613,487.260107,-126.310506,344.725736
NH2-SINGLE-ORDERED-R048,SINGLE,ORDERED,R048,22,22,5,-17,-17,22,28,11,-17,-11,1167.123347,2969.813252,1817.634983,-1152.178269,650.511636,1076589,1448461,535897,-912564,-540692,0,0,0,0,0,0,0,0,0,0,205240,216274,57879,-158395,-147361,154.363655,502.64005,514.986287,12.346237,360.622632
NH2-SINGLE-ORDERED-R049,SINGLE,ORDERED,R049,22,22,5,-17,-17,22,28,11,-17,-11,1199.482108,3026.839922,2004.70497,-1022.134952,805.222862,1078007,1409482,527107,-882375,-550900,0,0,0,0,0,0,0,0,0,0,204779,215813,57708,-158105,-147071,157.307034,554.100328,520.698419,-33.401909,363.391385
NH2-SINGLE-ORDERED-R050,SINGLE,ORDERED,R050,22,22,3,-19,-19,22,28,9,-19,-13,1425.68402,3140.573467,1959.440462,-1181.133005,533.756442,1166312,1445410,482741,-962669,-683571,8192,0,0,0,-8192,0,0,0,0,0,203780,214814,38841,-175973,-164939,290.366346,521.763154,534.018424,12.25527,243.652078
NH2-SINGLE-ORDERED-R051,SINGLE,ORDERED,R051,22,22,5,-17,-17,22,28,11,-17,-11,1249.680149,2849.569477,1911.04361,-938.525867,661.363461,1084566,1387599,564232,-823367,-520334,0,0,0,0,0,0,0,4096,4096,4096,204050,215084,57278,-157806,-146772,132.80019,516.972794,493.251116,-23.721678,360.450926
NH2-SINGLE-ORDERED-R052,SINGLE,ORDERED,R052,22,22,3,-19,-19,22,29,10,-19,-12,1175.949344,2909.957851,1972.623992,-937.333859,796.674648,1089158,1411273,557499,-853774,-531659,0,0,0,0,0,0,0,0,0,0,204666,217539,40869,-176670,-163797,130.858448,606.788966,741.578807,134.789841,610.720359
NH2-SINGLE-ORDERED-R053,SINGLE,ORDERED,R053,22,22,4,-18,-18,22,27,9,-18,-13,1320.694257,2835.272018,1819.124898,-1016.14712,498.430641,1165946,1345040,435451,-909589,-730495,0,0,0,0,0,0,0,0,0,0,203419,212614,46225,-166389,-157194,256.543851,548.977338,616.505693,67.528355,359.961842
NH2-SINGLE-ORDERED-R054,SINGLE,ORDERED,R054,22,22,3,-19,-19,22,28,9,-19,-13,1424.304664,3131.327117,1974.325597,-1157.00152,550.020933,1214310,1468795,500915,-967880,-713395,0,0,0,0,0,0,0,0,0,0,205094,216128,39211,-176917,-165883,138.03723,508.117226,532.796834,24.679608,394.759604
NH2-SINGLE-ORDERED-R055,SINGLE,ORDERED,R055,22,22,3,-19,-19,22,28,9,-19,-13,1307.199677,2958.282571,1782.173083,-1176.109488,474.973406,1141128,1370474,466334,-904140,-674794,0,0,0,0,0,0,0,0,0,0,204693,215727,39039,-176688,-165654,134.876601,490.980247,522.501265,31.521018,387.624664
NH2-SINGLE-ORDERED-R056,SINGLE,ORDERED,R056,22,22,5,-17,-17,22,28,11,-17,-11,1260.313406,2855.113319,1858.18445,-996.928869,597.871044,1118373,1353135,567696,-785439,-550677,0,0,0,0,0,0,0,0,0,0,204358,215392,57467,-157925,-146891,158.055217,488.877769,520.041361,31.163592,361.986144
NH2-SINGLE-ORDERED-R057,SINGLE,ORDERED,R057,22,22,4,-18,-18,22,29,11,-18,-11,1239.608811,2997.775312,1947.395091,-1050.380221,707.78628,1136600,1402349,544294,-858055,-592306,0,0,0,0,0,0,0,0,0,0,204468,217341,50083,-167258,-154385,169.012455,566.923806,629.83637,62.912564,460.823915
NH2-SINGLE-ORDERED-R058,SINGLE,ORDERED,R058,22,22,3,-19,-19,22,27,8,-19,-14,1252.828536,3004.267983,1915.522496,-1088.745487,662.69396,1108975,1272993,420412,-852581,-688563,0,0,0,0,0,0,0,0,0,0,205189,214384,37372,-177012,-167817,145.090625,518.529606,632.548271,114.018665,487.457646
NH2-SINGLE-ORDERED-R059,SINGLE,ORDERED,R059,22,22,3,-19,-19,22,29,10,-19,-12,1213.962049,2985.132715,1843.744585,-1141.38813,629.782536,1106715,1404037,475201,-928836,-631514,0,0,0,0,0,0,0,0,0,0,204511,217385,40869,-176516,-163642,164.429015,526.345725,576.706044,50.360319,412.277029
NH2-SINGLE-ORDERED-R060,SINGLE,ORDERED,R060,22,22,5,-17,-17,22,28,11,-17,-11,1212.515738,2974.45989,1850.552264,-1123.907626,638.036526,1110606,1363250,558314,-804936,-552292,0,0,0,0,0,0,0,0,0,0,205611,216645,57845,-158800,-147766,131.114571,564.926654,496.913417,-68.013237,365.798846
NH2-SINGLE-OUT_OF_ORDER-R046,SINGLE,OUT_OF_ORDER,R046,22,22,3,-19,-19,22,29,10,-19,-12,1248.046156,2940.956432,1805.074791,-1135.881641,557.028635,1132751,1431202,484245,-946957,-648506,0,0,0,0,0,0,0,0,0,0,204785,217658,40869,-176789,-163916,161.330925,595.913097,534.636704,-61.276393,373.305779
NH2-SINGLE-OUT_OF_ORDER-R047,SINGLE,OUT_OF_ORDER,R047,22,22,5,-17,-17,22,28,11,-17,-11,1309.03581,2938.215152,2018.73993,-919.475222,709.70412,1127304,1393137,583006,-810131,-544298,0,0,0,0,0,0,0,0,0,0,204289,215322,57665,-157657,-146624,154.922322,522.830145,526.720071,3.889926,371.797749
NH2-SINGLE-OUT_OF_ORDER-R048,SINGLE,OUT_OF_ORDER,R048,22,22,5,-17,-17,22,29,12,-17,-10,1248.09904,2829.56293,1850.697365,-978.865565,602.598325,1104240,1395433,555320,-840113,-548920,0,0,0,0,0,0,0,0,0,0,205285,218158,59401,-158757,-145884,136.825666,542.439685,526.840185,-15.5995,390.014519
NH2-SINGLE-OUT_OF_ORDER-R049,SINGLE,OUT_OF_ORDER,R049,22,22,3,-19,-19,22,28,9,-19,-13,1195.70908,2841.682083,1731.117711,-1110.564372,535.408631,1089505,1381201,427035,-954166,-662470,0,0,0,0,0,0,0,0,0,0,205654,216688,39219,-177469,-166435,132.248273,509.279888,497.727061,-11.552827,365.478788
NH2-SINGLE-OUT_OF_ORDER-R050,SINGLE,OUT_OF_ORDER,R050,22,22,3,-19,-19,22,28,9,-19,-13,1261.765072,2888.853445,1838.39199,-1050.461455,576.626918,1121587,1392293,434100,-958193,-687487,0,0,0,0,0,0,0,0,0,0,204142,215176,38841,-176335,-165301,195.01028,503.059445,494.015854,-9.043591,299.005574
NH2-SINGLE-OUT_OF_ORDER-R051,SINGLE,OUT_OF_ORDER,R051,22,22,3,-19,-19,22,28,9,-19,-13,1198.283787,2837.309096,1732.233817,-1105.075279,533.95003,1063827,1332638,439033,-893605,-624794,0,0,0,0,0,0,0,0,0,0,203972,215006,38841,-176165,-165131,131.130097,502.594267,500.565586,-2.028681,369.435489
NH2-SINGLE-OUT_OF_ORDER-R052,SINGLE,OUT_OF_ORDER,R052,22,22,4,-18,-18,22,27,9,-18,-13,1178.359204,2858.767957,1740.832081,-1117.935876,562.472877,1077334,1339697,444534,-895163,-632800,0,0,0,0,0,0,0,0,0,0,204511,213706,46405,-167301,-158106,135.21995,442.953331,471.008078,28.054747,335.788128
NH2-SINGLE-OUT_OF_ORDER-R053,SINGLE,OUT_OF_ORDER,R053,22,22,4,-18,-18,22,28,10,-18,-12,1183.061176,2869.017542,1901.875044,-967.142498,718.813868,1092079,1417847,551128,-866719,-540951,0,0,0,0,0,0,0,0,0,0,204432,215466,48235,-167231,-156197,144.404023,491.622912,516.030212,24.4073,371.626189
NH2-SINGLE-OUT_OF_ORDER-R054,SINGLE,OUT_OF_ORDER,R054,22,22,4,-18,-18,22,29,11,-18,-11,1361.910728,2896.137119,2005.488317,-890.648802,643.577589,1134144,1390085,523843,-866242,-610301,0,0,0,0,0,0,0,0,0,0,205536,218408,50144,-168264,-155392,138.032874,547.539615,526.676478,-20.863137,388.643604
NH2-SINGLE-OUT_OF_ORDER-R055,SINGLE,OUT_OF_ORDER,R055,22,22,3,-19,-19,22,28,9,-19,-13,1306.104973,2800.421216,1703.965667,-1096.455549,397.860694,1124228,1346757,441506,-905251,-682722,0,0,0,0,0,0,0,0,0,0,204873,215907,39039,-176868,-165834,130.487072,522.055306,502.365699,-19.689607,371.878627
NH2-SINGLE-OUT_OF_ORDER-R056,SINGLE,OUT_OF_ORDER,R056,22,22,3,-19,-19,22,28,9,-19,-13,1244.648009,2940.391735,1726.159313,-1214.232422,481.511304,1131624,1404707,449120,-955587,-682504,258048,0,0,0,-258048,0,0,0,0,0,204340,215375,38841,-176534,-165499,145.922826,547.326908,468.302952,-79.023956,322.380126
NH2-SINGLE-OUT_OF_ORDER-R057,SINGLE,OUT_OF_ORDER,R057,22,22,3,-19,-19,22,27,8,-19,-14,1312.592811,2823.213412,1828.466224,-994.747188,515.873413,1158399,1355446,406587,-948859,-751812,0,0,0,0,0,0,0,0,0,0,204261,213456,36993,-176463,-167268,155.089565,513.474484,453.799601,-59.674883,298.710036
NH2-SINGLE-OUT_OF_ORDER-R058,SINGLE,OUT_OF_ORDER,R058,22,22,5,-17,-17,22,28,11,-17,-11,1211.275209,3028.168956,1924.97934,-1103.189616,713.704131,1112485,1409831,526485,-883346,-586000,0,0,0,0,0,0,0,0,0,0,205154,216188,58129,-158059,-147025,159.943162,507.398683,520.773732,13.375049,360.83057
NH2-SINGLE-OUT_OF_ORDER-R059,SINGLE,OUT_OF_ORDER,R059,22,22,5,-17,-17,22,28,11,-17,-11,1139.806399,2837.714212,1869.880566,-967.833646,730.074167,1053735,1364906,551342,-813564,-502393,0,0,0,0,0,0,0,0,0,0,204203,215237,57330,-157907,-146873,151.811467,499.924601,540.292409,40.367808,388.480942
NH2-SINGLE-OUT_OF_ORDER-R060,SINGLE,OUT_OF_ORDER,R060,22,22,5,-17,-17,22,28,11,-17,-11,1283.476177,3017.39622,1968.007439,-1049.388781,684.531262,1153050,1419415,539756,-879659,-613294,0,0,0,0,0,0,16384,0,-16384,0,204553,215587,57949,-157638,-146604,145.236024,517.184591,526.352408,9.167817,381.116384
NH2-SINGLE-OVERLAP-R046,SINGLE,OVERLAP,R046,22,22,3,-19,-19,22,28,9,-19,-13,1281.759071,2919.963419,1908.57739,-1011.386029,626.818319,1124271,1416501,479935,-936566,-644336,0,0,0,0,0,0,0,0,0,0,204706,215740,39210,-176530,-165496,844.108579,1969.86265,1430.751061,-539.111589,586.642482
NH2-SINGLE-OVERLAP-R047,SINGLE,OVERLAP,R047,22,22,3,-19,-19,22,28,9,-19,-13,1289.186135,2950.364094,1809.506927,-1140.857167,520.320792,1135824,1410593,455405,-955188,-680419,0,0,0,0,0,0,0,0,0,0,204389,215423,39021,-176402,-165368,387.146822,803.730964,656.928636,-146.802328,269.781814
NH2-SINGLE-OVERLAP-R048,SINGLE,OVERLAP,R048,22,22,3,-19,-19,22,28,9,-19,-13,1244.22503,2862.671906,1843.867754,-1018.804152,599.642724,1119583,1373585,455357,-918228,-664226,0,0,0,0,0,0,0,0,0,0,204754,215788,38996,-176792,-165758,623.414969,1435.812016,957.074554,-478.737462,333.659585
NH2-SINGLE-OVERLAP-R049,SINGLE,OVERLAP,R049,22,22,3,-19,-19,22,28,9,-19,-13,1246.073894,2930.521517,1796.662554,-1133.858963,550.58866,1155077,1410524,475706,-934818,-679371,0,0,0,0,0,0,0,0,0,0,205343,216377,39356,-177021,-165987,262.26119,836.891918,693.68891,-143.203008,431.42772
NH2-SINGLE-OVERLAP-R050,SINGLE,OVERLAP,R050,22,22,5,-17,-17,22,28,11,-17,-11,1192.566266,2906.835077,1962.335601,-944.499476,769.769335,1097203,1384546,555803,-828743,-541400,0,0,0,0,0,0,0,0,0,0,204234,215268,57449,-157819,-146785,373.511495,894.847388,758.587726,-136.259662,385.076231
NH2-SINGLE-OVERLAP-R051,SINGLE,OVERLAP,R051,22,22,4,-18,-18,22,27,9,-18,-13,1225.900262,2903.429784,1764.137846,-1139.291938,538.237584,1120511,1333633,486732,-846901,-633779,0,0,0,0,0,0,0,0,0,0,204092,213287,46432,-166855,-157660,231.214392,505.118453,484.190633,-20.92782,252.976241
NH2-SINGLE-OVERLAP-R052,SINGLE,OVERLAP,R052,22,22,4,-18,-18,22,29,11,-18,-11,1294.701591,2926.575343,2011.181622,-915.393721,716.480031,1129018,1470999,585517,-885482,-543501,0,0,0,0,0,0,0,0,0,0,204684,217557,50083,-167474,-154601,694.931337,1535.698045,1136.675867,-399.022178,441.74453
NH2-SINGLE-OVERLAP-R053,SINGLE,OVERLAP,R053,22,22,4,-18,-18,22,28,10,-18,-12,1406.74861,2857.256181,1913.681282,-943.574899,506.932672,1181956,1393139,508315,-884824,-673641,0,0,0,0,0,0,4096,0,-4096,0,204435,215468,48253,-167215,-156182,197.43473,636.612315,640.079842,3.467527,442.645112
NH2-SINGLE-OVERLAP-R054,SINGLE,OVERLAP,R054,22,22,4,-18,-18,22,27,9,-18,-13,1267.356474,2908.079092,1763.083152,-1144.99594,495.726678,1124268,1336004,473374,-862630,-650894,0,0,0,0,0,0,0,0,0,0,204214,213409,46569,-166840,-157645,333.157557,862.772255,666.413517,-196.358738,333.25596
NH2-SINGLE-OVERLAP-R055,SINGLE,OVERLAP,R055,22,22,4,-18,-18,22,29,11,-18,-11,1167.787293,2985.139896,1823.280019,-1161.859877,655.492726,1062092,1408022,509338,-898684,-552754,0,0,0,0,0,0,0,0,0,0,204563,217436,50144,-167292,-154419,532.849879,1448.144888,912.118707,-536.026181,379.268828
NH2-SINGLE-OVERLAP-R056,SINGLE,OVERLAP,R056,22,22,4,-18,-18,22,27,9,-18,-13,1283.959437,2732.509538,2055.488897,-677.020641,771.52946,1153298,1306245,505267,-800978,-648031,0,0,0,0,0,0,0,0,0,0,204686,213881,46372,-167509,-158314,281.146741,769.153821,725.055194,-44.098627,443.908453
NH2-SINGLE-OVERLAP-R057,SINGLE,OVERLAP,R057,22,22,4,-18,-18,22,29,11,-18,-11,1377.524937,2967.222409,1858.99559,-1108.226819,481.470653,1196571,1488650,546766,-941884,-649805,0,0,0,0,0,0,0,0,0,0,204251,217124,50281,-166843,-153970,350.955074,945.527388,728.439367,-217.088021,377.484293
NH2-SINGLE-OVERLAP-R058,SINGLE,OVERLAP,R058,22,22,4,-18,-18,22,29,11,-18,-11,1197.361803,3069.057027,1955.222743,-1113.834284,757.86094,1097001,1388626,548652,-839974,-548349,0,0,0,0,0,0,0,0,0,0,204889,217764,50461,-167303,-154428,336.647717,960.515652,808.375907,-152.139745,471.72819
NH2-SINGLE-OVERLAP-R059,SINGLE,OVERLAP,R059,22,22,3,-19,-19,22,28,9,-19,-13,1225.095441,2895.564041,1856.708753,-1038.855288,631.613312,1101691,1400585,449258,-951327,-652433,0,0,0,0,0,0,0,0,0,0,204999,216033,39210,-176823,-165789,676.9801,1496.236783,925.686458,-570.550325,248.706358
NH2-SINGLE-OVERLAP-R060,SINGLE,OVERLAP,R060,22,22,3,-19,-19,22,29,10,-19,-12,1223.302003,2969.307492,1908.515903,-1060.791589,685.2139,1093419,1405687,478112,-927575,-615307,0,0,0,0,0,0,0,0,0,0,205078,217951,41015,-176936,-164063,470.580381,1144.246462,863.444876,-280.801586,392.864495
