language,change_id,category,old_text,new_text,rationale
EN,A7-01,claim consolidation,"The prototype evaluates one strict policy in which the contribution indicator drives ALLOW/BLOCK before backend execution, while the same indicator could support notification, warning, guidance, or recommendation. The evaluation combines an end-to-end trace, 1000 sessions with 7960 decisions, multiple warehouses, two backend paths, and a controlled robustness benchmark with baselines and targeted ablations. Relative to that benchmark's reference specification, MCAD preserves final coverage while recording zero false ALLOW and non-contributive execution rates; semantic-decision p50 spans 0.337--0.666~ms and p99 0.649--1.461~ms across the studied factors, while CKG growth is characterized separately up to 1693 nodes and 2406 edges. These results support feasibility within the tested configurations, not human decision value or a universal interaction policy.","The prototype evaluates one strict policy in which the contribution indicator drives ALLOW/BLOCK before backend execution, while the same indicator could support notification, warning, guidance, or recommendation. The evaluation combines an end-to-end trace, 1000 sessions with 7960 decisions, multiple warehouses, two backend paths, and a controlled robustness benchmark with internal reference policies and targeted ablations. Relative to that benchmark's reference specification, MCAD preserves final coverage while recording zero false ALLOW and non-contributive execution rates; semantic-decision p50 spans 0.337--0.666~ms and p99 0.649--1.461~ms across the studied factors, while CKG growth is characterized separately up to 1693 nodes and 2406 edges. These results support feasibility within the tested configurations, not human decision value, external superiority, or a universal interaction policy.",Bound ablation/comparator interpretation to existing controlled evidence; no new result.
EN,A7-02,claim consolidation,"  \item a \textbf{research prototype and targeted empirical validation} combining end-to-end physical evidence, multi-configuration preservation, robustness baselines and ablations, structural growth, semantic-decision latency, and explicit evidence traceability, with the strict ALLOW/BLOCK gate treated only as one experimental policy instantiation.","  \item a \textbf{research prototype and targeted empirical verification} combining end-to-end physical evidence, multi-configuration preservation, controlled robustness reference policies and targeted ablations, structural growth, semantic-decision latency, and explicit evidence traceability, with the strict ALLOW/BLOCK gate treated only as one experimental policy instantiation.",Bound ablation/comparator interpretation to existing controlled evidence; no new result.
EN,A7-03,claim consolidation,"  \item \textbf{RQ4 -- Robustness and component necessity:} How does MCAD compare with permissive baselines and targeted ablations under adversarial, noisy, and longer scenarios?","  \item \textbf{RQ4 -- Controlled robustness and component sensitivity:} How does MCAD compare with internal reference policies and targeted ablations under adversarial, noisy, and longer scenarios?",Bound ablation/comparator interpretation to existing controlled evidence; no new result.
EN,A7-04,claim consolidation,"Table~\ref{tab:evaluation-scope} shows how the six questions are covered. We deliberately keep three kinds of evidence separate: end-to-end physical evidence, where an authorized query actually reaches SQL Direct or XMLA; a controlled semantic-core benchmark used for baselines and ablations; and structural/timing characterization of the MCAD layer itself. Using all three gives a broader empirical picture, but they are not interchangeable replications of the same experiment.","Table~\ref{tab:evaluation-scope} shows how the six questions are covered. We deliberately keep three kinds of evidence separate: end-to-end physical evidence, where an authorized query actually reaches SQL Direct or XMLA; a controlled semantic-core benchmark using internal reference policies and targeted ablations; and structural/timing characterization of the MCAD layer itself. Using all three gives a broader empirical picture, but they are not interchangeable replications of the same experiment.",Bound ablation/comparator interpretation to existing controlled evidence; no new result.
EN,A7-05,claim consolidation,\subsection{Robustness Against Baselines and Ablations},\subsection{Controlled Robustness and Targeted Ablations},Bound ablation/comparator interpretation to existing controlled evidence; no new result.
EN,A7-06,claim consolidation,"Robustness is tested across four scenario families: adversarial admissibility cases, adversarial semantic cases, noisy borderline cases, and longer sequences. We compare MCAD with a permissive naive policy, a measure-overlap heuristic, a matched random policy, and three ablations that each remove or relax one reasoning link. In this benchmark, \emph{false ALLOW} means that the tested policy authorizes a query that the scenario specification marks for blocking; \emph{false BLOCK} is the reverse. These are therefore deviations from a controlled operational reference, not errors against an independently observed notion of human utility or decision quality.","Robustness is tested across four scenario families: adversarial admissibility cases, adversarial semantic cases, noisy borderline cases, and longer sequences. We compare MCAD with three internal reference policies---a permissive naive policy, a measure-overlap heuristic, and a matched random policy---and three targeted ablations that each remove or relax one reasoning link. The reference policies are diagnostic comparators, not reimplementations of neighboring published systems. In this benchmark, \emph{false ALLOW} means that the tested policy authorizes a query that the scenario specification marks for blocking; \emph{false BLOCK} is the reverse. These are therefore deviations from a controlled operational reference, not errors against an independently observed notion of human utility or decision quality.",Bound ablation/comparator interpretation to existing controlled evidence; no new result.
EN,A7-07,claim consolidation,"Within this controlled benchmark, MCAD preserves the final coverage of deterministic permissive policies while recording zero false ALLOW, false BLOCK, and non-contributive execution rates in every scenario family. Removing $\mathrm{SAT}$ raises mean false-ALLOW to 0.0417 and non-contributive execution to 0.125; removing $\mathrm{Real}$ or relaxing $C_{\mathrm{eval}}$ raises them to 0.08125 and 0.1875. These ablations support the internal necessity of the manipulated reasoning links relative to the reference specification, not superiority over neighboring systems that were not reimplemented on the same data.","Within this controlled benchmark, MCAD preserves the final coverage of deterministic permissive policies while recording zero false ALLOW, false BLOCK, and non-contributive execution rates in every scenario family. Removing $\mathrm{SAT}$ raises mean false-ALLOW to 0.0417 and non-contributive execution to 0.125; removing $\mathrm{Real}$ or relaxing $C_{\mathrm{eval}}$ raises them to 0.08125 and 0.1875. The three ablations are interpreted component-wise: each manipulation degrades reference-aligned behavior in at least one exercised family, providing sensitivity evidence that the manipulated link is behaviorally consequential under this specification. This does not establish that every MCAD component is necessary in every setting. Moreover, the no-$\mathrm{Real}$ and relaxed-$C_{\mathrm{eval}}$ variants have identical aggregate false-ALLOW and non-contributive-execution rates here, so this protocol does not separately identify their effect magnitudes. None of these results constitutes direct superiority over neighboring systems.",Bound ablation/comparator interpretation to existing controlled evidence; no new result.
EN,A7-08,claim consolidation,\caption{False-ALLOW rate by scenario family for MCAD and the main baselines.},\caption{False-ALLOW rate by scenario family for MCAD and the internal reference policies.},Bound ablation/comparator interpretation to existing controlled evidence; no new result.
EN,A7-09,claim consolidation,"No single experiment is meant to carry the entire argument. Instead, the evidence is deliberately complementary. The Q1--Q6 trace exposes the session-level causal mechanism; the 1000-session FoodMart workload checks repeated enforcement of the strict policy before the backend; the multi-warehouse and paired-backend studies examine preservation across different execution paths; the robustness benchmark isolates the role of individual reasoning components through baselines and ablations; and the structural and timing studies characterize the cost of the semantic layer. Across these experiments, the important case $\mathrm{SAT}=\mathrm{true}$ with $\Delta\varphi=0$ is observed and kept distinct from inadmissibility. Reaggregating the 7960 recorded decisions supports the same interpretation: a substantial share of BLOCK decisions carries the primary session-redundancy reason, while MCAD retains zero false ALLOW, false BLOCK, and non-contributive execution in each robustness family relative to the benchmark specification. The empirical claim is therefore about computability, session dependence, and consistency of the mechanism; the operational response remains configurable.","No single experiment is meant to carry the entire argument. Instead, the evidence is deliberately complementary. The Q1--Q6 trace exposes the session-level causal mechanism; the 1000-session FoodMart workload checks repeated enforcement of the strict policy before the backend; the multi-warehouse and paired-backend studies examine preservation across different execution paths; the robustness benchmark checks component sensitivity through internal reference policies and targeted ablations; and the structural and timing studies characterize the cost of the semantic layer. Across these experiments, the important case $\mathrm{SAT}=\mathrm{true}$ with $\Delta\varphi=0$ is observed and kept distinct from inadmissibility. Reaggregating the 7960 recorded decisions supports the same interpretation: a substantial share of BLOCK decisions carries the primary session-redundancy reason, while MCAD retains zero false ALLOW, false BLOCK, and non-contributive execution in each robustness family relative to the benchmark specification. The empirical claim is therefore about computability, session dependence, and consistency of the mechanism; the operational response remains configurable.",Bound ablation/comparator interpretation to existing controlled evidence; no new result.
EN,A7-10,claim consolidation,"\textbf{Experimental validity, external comparison, and performance.} Physical evidence, the controlled robustness benchmark, and structural/temporal characterizations answer different questions. Baselines and ablations evaluate internal necessity of reasoning links; Djedaini, Negre, IAM, and other close neighbors were not reimplemented as competing baselines, so no direct experimental superiority over those systems is claimed. Physical validation covers FoodMart, AdventureWorks, and SteelWheels, two backend paths (SQL Direct and XMLA/Mondrian), an instrumented trace, 1000 sessions, and controlled multi-configuration scenarios: it establishes multi-context feasibility and observed preservation within tested paths, not universal invariance. The p50/p95/p99 values cover 118000 semantic-decision observations and exclude SQL/XMLA latency, contention, and multi-user throughput; structural characterization describes CKG growth to scale factor 40 and is not an industrial capacity benchmark.","\textbf{Experimental validity, external comparison, and performance.} Physical evidence, the controlled robustness benchmark, and structural/temporal characterizations answer different questions. The robustness reference policies are diagnostic, and the ablations provide component-sensitivity evidence only for the manipulated $\mathrm{SAT}$, $\mathrm{Real}$, and $C_{\mathrm{eval}}$ links under the controlled specification; they do not establish universal component necessity. Djedaini, Negre, IAM, and other close neighbors were not reimplemented as competing systems, so no direct experimental superiority over them is claimed. Physical verification covers FoodMart, AdventureWorks, and SteelWheels, two backend paths (SQL Direct and XMLA/Mondrian), an instrumented trace, 1000 sessions, and controlled multi-configuration scenarios: it establishes multi-context feasibility and observed preservation within tested paths, not universal invariance. The p50/p95/p99 values cover 118000 semantic-decision observations and exclude SQL/XMLA latency, contention, and multi-user throughput; structural characterization describes CKG growth to scale factor 40 and is not an industrial capacity benchmark.",Bound ablation/comparator interpretation to existing controlled evidence; no new result.
EN,A7-11,claim consolidation,"Within the tested configurations, the prototype behaves consistently with the MCAD reasoning model, preserves decision behavior across exercised backend paths, and exhibits the measured semantic-decision cost. Robustness results and ablations support the internal role of the reasoning links relative to the controlled reference specification; ALLOW/BLOCK remains only one policy instantiation.","Within the tested configurations, the prototype behaves consistently with the MCAD reasoning model, preserves decision behavior across exercised backend paths, and exhibits the measured semantic-decision cost. Controlled robustness and targeted ablations show that the manipulated reasoning links are behaviorally consequential under the benchmark reference specification; ALLOW/BLOCK remains only one policy instantiation.",Bound ablation/comparator interpretation to existing controlled evidence; no new result.
FR,A7-12,claim consolidation,"Le prototype évalue une politique stricte où l'indicateur de contribution pilote ALLOW/BLOCK avant exécution backend, alors que le même indicateur peut alimenter notification, avertissement, guidage ou recommandation. L'évaluation combine une trace de bout en bout, 1000 sessions et 7960 décisions, plusieurs entrepôts, deux chemins backend et un benchmark contrôlé de robustesse avec baselines et ablations ciblées. Relativement à sa spécification de référence, MCAD conserve la couverture finale tout en enregistrant des taux nuls de false ALLOW et d'exécutions non contributives; la décision sémantique présente un p50 de 0,337--0,666~ms et un p99 de 0,649--1,461~ms sur les facteurs étudiés, tandis que la croissance du CKG est caractérisée séparément jusqu'à 1693 nœuds et 2406 arêtes. Ces résultats soutiennent la faisabilité dans les configurations testées, sans établir une valeur décisionnelle humaine ni une politique d'interaction universelle.","Le prototype évalue une politique stricte où l'indicateur de contribution pilote ALLOW/BLOCK avant exécution backend, alors que le même indicateur peut alimenter notification, avertissement, guidage ou recommandation. L'évaluation combine une trace de bout en bout, 1000 sessions et 7960 décisions, plusieurs entrepôts, deux chemins backend et un benchmark contrôlé de robustesse avec politiques de référence internes et ablations ciblées. Relativement à sa spécification de référence, MCAD conserve la couverture finale tout en enregistrant des taux nuls de false ALLOW et d'exécutions non contributives; la décision sémantique présente un p50 de 0,337--0,666~ms et un p99 de 0,649--1,461~ms sur les facteurs étudiés, tandis que la croissance du CKG est caractérisée séparément jusqu'à 1693 nœuds et 2406 arêtes. Ces résultats soutiennent la faisabilité dans les configurations testées, sans établir une valeur décisionnelle humaine, une supériorité externe ni une politique d'interaction universelle.",Bound ablation/comparator interpretation to existing controlled evidence; no new result.
FR,A7-13,claim consolidation,"  \item un \textbf{prototype de recherche et une validation empirique ciblée} combinant preuve physique de bout en bout, préservation multi-configuration, baselines et ablations de robustesse, croissance structurelle, latence de décision sémantique et traçabilité explicite des preuves, la porte stricte ALLOW/BLOCK n'étant qu'une instanciation expérimentale de politique.","  \item un \textbf{prototype de recherche et une vérification empirique ciblée} combinant preuve physique de bout en bout, préservation multi-configuration, politiques de référence internes et ablations ciblées de robustesse, croissance structurelle, latence de décision sémantique et traçabilité explicite des preuves, la porte stricte ALLOW/BLOCK n'étant qu'une instanciation expérimentale de politique.",Bound ablation/comparator interpretation to existing controlled evidence; no new result.
FR,A7-14,claim consolidation,"  \item \textbf{RQ4 -- Robustesse et nécessité des composants :} comment MCAD se compare-t-il à des baselines permissives et à des ablations ciblées sous scénarios adversariaux, bruités et plus longs ?","  \item \textbf{RQ4 -- Robustesse contrôlée et sensibilité des composants :} comment MCAD se compare-t-il à des politiques de référence internes et à des ablations ciblées sous scénarios adversariaux, bruités et plus longs ?",Bound ablation/comparator interpretation to existing controlled evidence; no new result.
FR,A7-15,claim consolidation,"Le Tableau~\ref{tab:evaluation-scope} matérialise la couverture de ces questions. Il distingue trois classes de preuve qui ne doivent pas être confondues : (i) les preuves physiques de bout en bout, où la requête atteint effectivement SQL Direct ou XMLA lorsque la politique l'autorise; (ii) le benchmark contrôlé du cœur sémantique, utilisé pour comparer baselines et ablations; et (iii) les caractérisations structurelles et temporelles de la couche MCAD. Cette triangulation augmente la portée empirique sans transformer des tests hétérogènes en réplications interchangeables.","Le Tableau~\ref{tab:evaluation-scope} matérialise la couverture de ces questions. Il distingue trois classes de preuve qui ne doivent pas être confondues : (i) les preuves physiques de bout en bout, où la requête atteint effectivement SQL Direct ou XMLA lorsque la politique l'autorise; (ii) le benchmark contrôlé du cœur sémantique, utilisant des politiques de référence internes et des ablations ciblées; et (iii) les caractérisations structurelles et temporelles de la couche MCAD. Cette triangulation augmente la portée empirique sans transformer des tests hétérogènes en réplications interchangeables.",Bound ablation/comparator interpretation to existing controlled evidence; no new result.
FR,A7-16,claim consolidation,\subsection{Robustesse face aux baselines et aux ablations},\subsection{Robustesse contrôlée et ablations ciblées},Bound ablation/comparator interpretation to existing controlled evidence; no new result.
FR,A7-17,claim consolidation,"La robustesse est évaluée sur quatre familles de scénarios : cas adversariaux portant sur l'admissibilité, cas adversariaux sémantiques, situations bruitées proches de la frontière et séquences plus longues. MCAD est comparé à une politique naïve permissive, une heuristique de recouvrement des mesures, une politique aléatoire appariée et trois ablations qui relâchent individuellement des maillons du raisonnement. Dans ce benchmark contrôlé, un \emph{false ALLOW} désigne une requête autorisée par la politique testée alors que la spécification de référence du scénario attend un blocage; un \emph{false BLOCK} désigne l'inverse. Ces termes décrivent donc des écarts à une référence opérationnelle contrôlée, et non une vérité terrain indépendante sur l'utilité humaine des requêtes ou la qualité finale des décisions.","La robustesse est évaluée sur quatre familles de scénarios : cas adversariaux portant sur l'admissibilité, cas adversariaux sémantiques, situations bruitées proches de la frontière et séquences plus longues. MCAD est comparé à trois politiques de référence internes---une politique naïve permissive, une heuristique de recouvrement des mesures et une politique aléatoire appariée---ainsi qu'à trois ablations ciblées qui relâchent individuellement un maillon du raisonnement. Ces politiques de référence sont des comparateurs diagnostiques, non des réimplémentations de systèmes voisins publiés. Dans ce benchmark contrôlé, un \emph{false ALLOW} désigne une requête autorisée par la politique testée alors que la spécification de référence du scénario attend un blocage; un \emph{false BLOCK} désigne l'inverse. Ces termes décrivent donc des écarts à une référence opérationnelle contrôlée, et non une vérité terrain indépendante sur l'utilité humaine des requêtes ou la qualité finale des décisions.",Bound ablation/comparator interpretation to existing controlled evidence; no new result.
FR,A7-18,claim consolidation,"Dans ce benchmark contrôlé, MCAD conserve la couverture finale des politiques déterministes permissives tout en enregistrant zéro false ALLOW, false BLOCK et exécution non contributive dans chacune des quatre familles. Retirer $\mathrm{SAT}$ porte le false ALLOW moyen à 0,0417 et l'exécution non contributive à 0,125; retirer $\mathrm{Real}$ ou relâcher $C_{\mathrm{eval}}$ les porte à 0,08125 et 0,1875. Ces ablations soutiennent la nécessité interne des maillons manipulés relativement à la spécification de référence, non une supériorité sur des systèmes voisins non réimplémentés sur les mêmes données.","Dans ce benchmark contrôlé, MCAD conserve la couverture finale des politiques déterministes permissives tout en enregistrant zéro false ALLOW, false BLOCK et exécution non contributive dans chacune des quatre familles. Retirer $\mathrm{SAT}$ porte le false ALLOW moyen à 0,0417 et l'exécution non contributive à 0,125; retirer $\mathrm{Real}$ ou relâcher $C_{\mathrm{eval}}$ les porte à 0,08125 et 0,1875. Les trois ablations sont interprétées composant par composant : chaque manipulation dégrade le comportement aligné sur la référence dans au moins une famille exercée, ce qui fournit une évidence de sensibilité montrant que le maillon manipulé est comportementalement conséquent sous cette spécification. Cela n'établit pas que tous les composants de MCAD sont nécessaires dans tout contexte. De plus, les variantes sans $\mathrm{Real}$ et avec $C_{\mathrm{eval}}$ relâché présentent ici des taux agrégés identiques de false ALLOW et d'exécutions non contributives; ce protocole n'identifie donc pas séparément l'amplitude de leur effet. Aucun de ces résultats ne constitue une supériorité directe sur des systèmes voisins.",Bound ablation/comparator interpretation to existing controlled evidence; no new result.
FR,A7-19,claim consolidation,\caption{Taux de \emph{false ALLOW} par famille de scénarios pour MCAD et les principales baselines.},\caption{Taux de \emph{false ALLOW} par famille de scénarios pour MCAD et les politiques de référence internes.},Bound ablation/comparator interpretation to existing controlled evidence; no new result.
FR,A7-20,claim consolidation,"Pris ensemble, les résultats fournissent une triangulation cohérente plutôt qu'une unique preuve monolithique. La trace Q1--Q6 vérifie le mécanisme causal au niveau d'une session; le bloc de 1000 sessions vérifie l'application répétée de la politique stricte avant backend; les études multi-entrepôts et backend apparié testent la préservation de la sémantique dans plusieurs chemins d'exécution; le benchmark de robustesse isole le rôle des composants formels face à des baselines et ablations; enfin, les expériences structurelles et temporelles caractérisent le coût de la couche sémantique. Dans ce périmètre, le cas clé $\mathrm{SAT}=\mathrm{true}$ et $\Delta\varphi=0$ est observé et correctement distingué d'une inadmissibilité. La réagrégation des 7960 décisions renforce cette lecture en montrant qu'une part importante des BLOCK porte le motif primaire de redondance sessionnelle, tandis que le benchmark de robustesse conserve zéro false ALLOW, false BLOCK et exécution non contributive dans chacune de ses quatre familles, relativement à sa spécification de référence. Le résultat scientifique porte donc sur la calculabilité, sa dépendance à l'état de session et la cohérence du mécanisme; l'action opérationnelle reste configurable.","Pris ensemble, les résultats fournissent une triangulation cohérente plutôt qu'une unique preuve monolithique. La trace Q1--Q6 vérifie le mécanisme causal au niveau d'une session; le bloc de 1000 sessions vérifie l'application répétée de la politique stricte avant backend; les études multi-entrepôts et backend apparié testent la préservation de la sémantique dans plusieurs chemins d'exécution; le benchmark de robustesse vérifie la sensibilité des composants au moyen de politiques de référence internes et d'ablations ciblées; enfin, les expériences structurelles et temporelles caractérisent le coût de la couche sémantique. Dans ce périmètre, le cas clé $\mathrm{SAT}=\mathrm{true}$ et $\Delta\varphi=0$ est observé et correctement distingué d'une inadmissibilité. La réagrégation des 7960 décisions renforce cette lecture en montrant qu'une part importante des BLOCK porte le motif primaire de redondance sessionnelle, tandis que le benchmark de robustesse conserve zéro false ALLOW, false BLOCK et exécution non contributive dans chacune de ses quatre familles, relativement à sa spécification de référence. Le résultat scientifique porte donc sur la calculabilité, sa dépendance à l'état de session et la cohérence du mécanisme; l'action opérationnelle reste configurable.",Bound ablation/comparator interpretation to existing controlled evidence; no new result.
FR,A7-21,claim consolidation,"\textbf{Validité expérimentale, comparaison externe et performance.} Les preuves physiques, le benchmark contrôlé de robustesse et les caractérisations structurelles/temporelles répondent à des questions distinctes. Les baselines et ablations évaluent la nécessité interne des maillons du raisonneur; les voisins Djedaini, Negre, IAM et autres approches proches n'ont pas été réimplémentés comme baselines concurrentes, de sorte qu'aucune supériorité expérimentale directe sur ces systèmes n'est revendiquée. La validation physique couvre FoodMart, AdventureWorks et SteelWheels, deux chemins backend (SQL Direct et XMLA/Mondrian), une trace instrumentée, 1000 sessions et des scénarios contrôlés multi-configuration : elle établit une faisabilité multi-contexte et une préservation observée dans les chemins testés, non une invariance universelle. Enfin, les p50/p95/p99 portent sur 118000 observations de décision sémantique et n'incluent ni latence SQL/XMLA, ni contention, ni débit multi-utilisateur; la caractérisation structurelle décrit la croissance du CKG jusqu'au facteur 40 et ne constitue pas un benchmark de capacité industrielle.","\textbf{Validité expérimentale, comparaison externe et performance.} Les preuves physiques, le benchmark contrôlé de robustesse et les caractérisations structurelles/temporelles répondent à des questions distinctes. Les politiques de référence du benchmark sont diagnostiques et les ablations fournissent une évidence de sensibilité uniquement pour les maillons $\mathrm{SAT}$, $\mathrm{Real}$ et $C_{\mathrm{eval}}$ manipulés sous la spécification contrôlée; elles n'établissent pas une nécessité universelle des composants. Les voisins Djedaini, Negre, IAM et autres approches proches n'ont pas été réimplémentés comme systèmes concurrents, de sorte qu'aucune supériorité expérimentale directe sur eux n'est revendiquée. La vérification physique couvre FoodMart, AdventureWorks et SteelWheels, deux chemins backend (SQL Direct et XMLA/Mondrian), une trace instrumentée, 1000 sessions et des scénarios contrôlés multi-configuration : elle établit une faisabilité multi-contexte et une préservation observée dans les chemins testés, non une invariance universelle. Enfin, les p50/p95/p99 portent sur 118000 observations de décision sémantique et n'incluent ni latence SQL/XMLA, ni contention, ni débit multi-utilisateur; la caractérisation structurelle décrit la croissance du CKG jusqu'au facteur 40 et ne constitue pas un benchmark de capacité industrielle.",Bound ablation/comparator interpretation to existing controlled evidence; no new result.
FR,A7-22,claim consolidation,"Dans les configurations testées, le prototype se comporte conformément au modèle de raisonnement MCAD, préserve le comportement décisionnel dans les chemins backend exercés et présente le coût sémantique mesuré. Robustesse et ablations soutiennent le rôle interne des maillons relativement à la spécification contrôlée; ALLOW/BLOCK reste une simple instanciation de politique.","Dans les configurations testées, le prototype se comporte conformément au modèle de raisonnement MCAD, préserve le comportement décisionnel dans les chemins backend exercés et présente le coût sémantique mesuré. La robustesse contrôlée et les ablations ciblées montrent que les maillons manipulés sont comportementalement conséquents sous la spécification de référence du benchmark; ALLOW/BLOCK reste une simple instanciation de politique.",Bound ablation/comparator interpretation to existing controlled evidence; no new result.
