block_index,session_id,topology,pattern,selection_role,arm_1,arm_2,arm_3
1,NH2-ALTERNATIVE-DISTRACTOR_HEAVY-R046,ALTERNATIVE,DISTRACTOR_HEAVY,CONFIRMATORY_PRIMARY,PERMISSIVE_GATED,UNGATED_EXECUTE_ADMISSIBLE,SAFE_PRUNING
2,NH2-ALTERNATIVE-DISTRACTOR_HEAVY-R047,ALTERNATIVE,DISTRACTOR_HEAVY,CONFIRMATORY_PRIMARY,UNGATED_EXECUTE_ADMISSIBLE,SAFE_PRUNING,PERMISSIVE_GATED
3,NH2-ALTERNATIVE-DISTRACTOR_HEAVY-R048,ALTERNATIVE,DISTRACTOR_HEAVY,CONFIRMATORY_PRIMARY,PERMISSIVE_GATED,SAFE_PRUNING,UNGATED_EXECUTE_ADMISSIBLE
4,NH2-ALTERNATIVE-DISTRACTOR_HEAVY-R049,ALTERNATIVE,DISTRACTOR_HEAVY,CONFIRMATORY_PRIMARY,SAFE_PRUNING,PERMISSIVE_GATED,UNGATED_EXECUTE_ADMISSIBLE
5,NH2-ALTERNATIVE-DISTRACTOR_HEAVY-R050,ALTERNATIVE,DISTRACTOR_HEAVY,CONFIRMATORY_PRIMARY,SAFE_PRUNING,UNGATED_EXECUTE_ADMISSIBLE,PERMISSIVE_GATED
6,NH2-ALTERNATIVE-DISTRACTOR_HEAVY-R051,ALTERNATIVE,DISTRACTOR_HEAVY,CONFIRMATORY_PRIMARY,UNGATED_EXECUTE_ADMISSIBLE,PERMISSIVE_GATED,SAFE_PRUNING
7,NH2-ALTERNATIVE-DISTRACTOR_HEAVY-R052,ALTERNATIVE,DISTRACTOR_HEAVY,CONFIRMATORY_PRIMARY,UNGATED_EXECUTE_ADMISSIBLE,PERMISSIVE_GATED,SAFE_PRUNING
8,NH2-ALTERNATIVE-DISTRACTOR_HEAVY-R053,ALTERNATIVE,DISTRACTOR_HEAVY,CONFIRMATORY_PRIMARY,PERMISSIVE_GATED,SAFE_PRUNING,UNGATED_EXECUTE_ADMISSIBLE
9,NH2-ALTERNATIVE-DISTRACTOR_HEAVY-R054,ALTERNATIVE,DISTRACTOR_HEAVY,CONFIRMATORY_PRIMARY,UNGATED_EXECUTE_ADMISSIBLE,SAFE_PRUNING,PERMISSIVE_GATED
10,NH2-ALTERNATIVE-DISTRACTOR_HEAVY-R055,ALTERNATIVE,DISTRACTOR_HEAVY,CONFIRMATORY_PRIMARY,SAFE_PRUNING,PERMISSIVE_GATED,UNGATED_EXECUTE_ADMISSIBLE
11,NH2-ALTERNATIVE-DISTRACTOR_HEAVY-R056,ALTERNATIVE,DISTRACTOR_HEAVY,CONFIRMATORY_PRIMARY,PERMISSIVE_GATED,UNGATED_EXECUTE_ADMISSIBLE,SAFE_PRUNING
12,NH2-ALTERNATIVE-DISTRACTOR_HEAVY-R057,ALTERNATIVE,DISTRACTOR_HEAVY,CONFIRMATORY_PRIMARY,SAFE_PRUNING,UNGATED_EXECUTE_ADMISSIBLE,PERMISSIVE_GATED
13,NH2-ALTERNATIVE-DISTRACTOR_HEAVY-R058,ALTERNATIVE,DISTRACTOR_HEAVY,CONFIRMATORY_PRIMARY,UNGATED_EXECUTE_ADMISSIBLE,SAFE_PRUNING,PERMISSIVE_GATED
14,NH2-ALTERNATIVE-DISTRACTOR_HEAVY-R059,ALTERNATIVE,DISTRACTOR_HEAVY,CONFIRMATORY_PRIMARY,UNGATED_EXECUTE_ADMISSIBLE,PERMISSIVE_GATED,SAFE_PRUNING
15,NH2-ALTERNATIVE-DISTRACTOR_HEAVY-R060,ALTERNATIVE,DISTRACTOR_HEAVY,CONFIRMATORY_PRIMARY,PERMISSIVE_GATED,UNGATED_EXECUTE_ADMISSIBLE,SAFE_PRUNING
16,NH2-ALTERNATIVE-MIXED_SAT-R046,ALTERNATIVE,MIXED_SAT,CONFIRMATORY_PRIMARY,PERMISSIVE_GATED,SAFE_PRUNING,UNGATED_EXECUTE_ADMISSIBLE
17,NH2-ALTERNATIVE-MIXED_SAT-R047,ALTERNATIVE,MIXED_SAT,CONFIRMATORY_PRIMARY,SAFE_PRUNING,UNGATED_EXECUTE_ADMISSIBLE,PERMISSIVE_GATED
18,NH2-ALTERNATIVE-MIXED_SAT-R048,ALTERNATIVE,MIXED_SAT,CONFIRMATORY_PRIMARY,SAFE_PRUNING,PERMISSIVE_GATED,UNGATED_EXECUTE_ADMISSIBLE
19,NH2-ALTERNATIVE-MIXED_SAT-R049,ALTERNATIVE,MIXED_SAT,CONFIRMATORY_PRIMARY,PERMISSIVE_GATED,SAFE_PRUNING,UNGATED_EXECUTE_ADMISSIBLE
20,NH2-ALTERNATIVE-MIXED_SAT-R050,ALTERNATIVE,MIXED_SAT,CONFIRMATORY_PRIMARY,SAFE_PRUNING,UNGATED_EXECUTE_ADMISSIBLE,PERMISSIVE_GATED
21,NH2-ALTERNATIVE-MIXED_SAT-R051,ALTERNATIVE,MIXED_SAT,CONFIRMATORY_PRIMARY,UNGATED_EXECUTE_ADMISSIBLE,SAFE_PRUNING,PERMISSIVE_GATED
22,NH2-ALTERNATIVE-MIXED_SAT-R052,ALTERNATIVE,MIXED_SAT,CONFIRMATORY_PRIMARY,SAFE_PRUNING,PERMISSIVE_GATED,UNGATED_EXECUTE_ADMISSIBLE
23,NH2-ALTERNATIVE-MIXED_SAT-R053,ALTERNATIVE,MIXED_SAT,CONFIRMATORY_PRIMARY,PERMISSIVE_GATED,UNGATED_EXECUTE_ADMISSIBLE,SAFE_PRUNING
24,NH2-ALTERNATIVE-MIXED_SAT-R054,ALTERNATIVE,MIXED_SAT,CONFIRMATORY_PRIMARY,UNGATED_EXECUTE_ADMISSIBLE,PERMISSIVE_GATED,SAFE_PRUNING
25,NH2-ALTERNATIVE-MIXED_SAT-R055,ALTERNATIVE,MIXED_SAT,CONFIRMATORY_PRIMARY,SAFE_PRUNING,UNGATED_EXECUTE_ADMISSIBLE,PERMISSIVE_GATED
26,NH2-ALTERNATIVE-MIXED_SAT-R056,ALTERNATIVE,MIXED_SAT,CONFIRMATORY_PRIMARY,UNGATED_EXECUTE_ADMISSIBLE,PERMISSIVE_GATED,SAFE_PRUNING
27,NH2-ALTERNATIVE-MIXED_SAT-R057,ALTERNATIVE,MIXED_SAT,CONFIRMATORY_PRIMARY,SAFE_PRUNING,PERMISSIVE_GATED,UNGATED_EXECUTE_ADMISSIBLE
28,NH2-ALTERNATIVE-MIXED_SAT-R058,ALTERNATIVE,MIXED_SAT,CONFIRMATORY_PRIMARY,UNGATED_EXECUTE_ADMISSIBLE,SAFE_PRUNING,PERMISSIVE_GATED
29,NH2-ALTERNATIVE-MIXED_SAT-R059,ALTERNATIVE,MIXED_SAT,CONFIRMATORY_PRIMARY,PERMISSIVE_GATED,UNGATED_EXECUTE_ADMISSIBLE,SAFE_PRUNING
30,NH2-ALTERNATIVE-MIXED_SAT-R060,ALTERNATIVE,MIXED_SAT,CONFIRMATORY_PRIMARY,PERMISSIVE_GATED,SAFE_PRUNING,UNGATED_EXECUTE_ADMISSIBLE
31,NH2-ALTERNATIVE-ORDERED-R046,ALTERNATIVE,ORDERED,CONFIRMATORY_PRIMARY,SAFE_PRUNING,PERMISSIVE_GATED,UNGATED_EXECUTE_ADMISSIBLE
32,NH2-ALTERNATIVE-ORDERED-R047,ALTERNATIVE,ORDERED,CONFIRMATORY_PRIMARY,UNGATED_EXECUTE_ADMISSIBLE,SAFE_PRUNING,PERMISSIVE_GATED
33,NH2-ALTERNATIVE-ORDERED-R048,ALTERNATIVE,ORDERED,CONFIRMATORY_PRIMARY,PERMISSIVE_GATED,UNGATED_EXECUTE_ADMISSIBLE,SAFE_PRUNING
34,NH2-ALTERNATIVE-ORDERED-R049,ALTERNATIVE,ORDERED,CONFIRMATORY_PRIMARY,PERMISSIVE_GATED,SAFE_PRUNING,UNGATED_EXECUTE_ADMISSIBLE
35,NH2-ALTERNATIVE-ORDERED-R050,ALTERNATIVE,ORDERED,CONFIRMATORY_PRIMARY,UNGATED_EXECUTE_ADMISSIBLE,PERMISSIVE_GATED,SAFE_PRUNING
36,NH2-ALTERNATIVE-ORDERED-R051,ALTERNATIVE,ORDERED,CONFIRMATORY_PRIMARY,SAFE_PRUNING,UNGATED_EXECUTE_ADMISSIBLE,PERMISSIVE_GATED
37,NH2-ALTERNATIVE-ORDERED-R052,ALTERNATIVE,ORDERED,CONFIRMATORY_PRIMARY,SAFE_PRUNING,UNGATED_EXECUTE_ADMISSIBLE,PERMISSIVE_GATED
38,NH2-ALTERNATIVE-ORDERED-R053,ALTERNATIVE,ORDERED,CONFIRMATORY_PRIMARY,SAFE_PRUNING,PERMISSIVE_GATED,UNGATED_EXECUTE_ADMISSIBLE
39,NH2-ALTERNATIVE-ORDERED-R054,ALTERNATIVE,ORDERED,CONFIRMATORY_PRIMARY,UNGATED_EXECUTE_ADMISSIBLE,PERMISSIVE_GATED,SAFE_PRUNING
40,NH2-ALTERNATIVE-ORDERED-R055,ALTERNATIVE,ORDERED,CONFIRMATORY_PRIMARY,PERMISSIVE_GATED,UNGATED_EXECUTE_ADMISSIBLE,SAFE_PRUNING
41,NH2-ALTERNATIVE-ORDERED-R056,ALTERNATIVE,ORDERED,CONFIRMATORY_PRIMARY,UNGATED_EXECUTE_ADMISSIBLE,SAFE_PRUNING,PERMISSIVE_GATED
42,NH2-ALTERNATIVE-ORDERED-R057,ALTERNATIVE,ORDERED,CONFIRMATORY_PRIMARY,PERMISSIVE_GATED,SAFE_PRUNING,UNGATED_EXECUTE_ADMISSIBLE
43,NH2-ALTERNATIVE-ORDERED-R058,ALTERNATIVE,ORDERED,CONFIRMATORY_PRIMARY,SAFE_PRUNING,PERMISSIVE_GATED,UNGATED_EXECUTE_ADMISSIBLE
44,NH2-ALTERNATIVE-ORDERED-R059,ALTERNATIVE,ORDERED,CONFIRMATORY_PRIMARY,SAFE_PRUNING,UNGATED_EXECUTE_ADMISSIBLE,PERMISSIVE_GATED
45,NH2-ALTERNATIVE-ORDERED-R060,ALTERNATIVE,ORDERED,CONFIRMATORY_PRIMARY,PERMISSIVE_GATED,UNGATED_EXECUTE_ADMISSIBLE,SAFE_PRUNING
46,NH2-ALTERNATIVE-OUT_OF_ORDER-R046,ALTERNATIVE,OUT_OF_ORDER,CONFIRMATORY_PRIMARY,UNGATED_EXECUTE_ADMISSIBLE,PERMISSIVE_GATED,SAFE_PRUNING
47,NH2-ALTERNATIVE-OUT_OF_ORDER-R047,ALTERNATIVE,OUT_OF_ORDER,CONFIRMATORY_PRIMARY,PERMISSIVE_GATED,SAFE_PRUNING,UNGATED_EXECUTE_ADMISSIBLE
48,NH2-ALTERNATIVE-OUT_OF_ORDER-R048,ALTERNATIVE,OUT_OF_ORDER,CONFIRMATORY_PRIMARY,UNGATED_EXECUTE_ADMISSIBLE,SAFE_PRUNING,PERMISSIVE_GATED
49,NH2-ALTERNATIVE-OUT_OF_ORDER-R049,ALTERNATIVE,OUT_OF_ORDER,CONFIRMATORY_PRIMARY,UNGATED_EXECUTE_ADMISSIBLE,PERMISSIVE_GATED,SAFE_PRUNING
50,NH2-ALTERNATIVE-OUT_OF_ORDER-R050,ALTERNATIVE,OUT_OF_ORDER,CONFIRMATORY_PRIMARY,SAFE_PRUNING,PERMISSIVE_GATED,UNGATED_EXECUTE_ADMISSIBLE
51,NH2-ALTERNATIVE-OUT_OF_ORDER-R051,ALTERNATIVE,OUT_OF_ORDER,CONFIRMATORY_PRIMARY,PERMISSIVE_GATED,SAFE_PRUNING,UNGATED_EXECUTE_ADMISSIBLE
52,NH2-ALTERNATIVE-OUT_OF_ORDER-R052,ALTERNATIVE,OUT_OF_ORDER,CONFIRMATORY_PRIMARY,UNGATED_EXECUTE_ADMISSIBLE,SAFE_PRUNING,PERMISSIVE_GATED
53,NH2-ALTERNATIVE-OUT_OF_ORDER-R053,ALTERNATIVE,OUT_OF_ORDER,CONFIRMATORY_PRIMARY,SAFE_PRUNING,UNGATED_EXECUTE_ADMISSIBLE,PERMISSIVE_GATED
54,NH2-ALTERNATIVE-OUT_OF_ORDER-R054,ALTERNATIVE,OUT_OF_ORDER,CONFIRMATORY_PRIMARY,PERMISSIVE_GATED,UNGATED_EXECUTE_ADMISSIBLE,SAFE_PRUNING
55,NH2-ALTERNATIVE-OUT_OF_ORDER-R055,ALTERNATIVE,OUT_OF_ORDER,CONFIRMATORY_PRIMARY,PERMISSIVE_GATED,SAFE_PRUNING,UNGATED_EXECUTE_ADMISSIBLE
56,NH2-ALTERNATIVE-OUT_OF_ORDER-R056,ALTERNATIVE,OUT_OF_ORDER,CONFIRMATORY_PRIMARY,SAFE_PRUNING,PERMISSIVE_GATED,UNGATED_EXECUTE_ADMISSIBLE
57,NH2-ALTERNATIVE-OUT_OF_ORDER-R057,ALTERNATIVE,OUT_OF_ORDER,CONFIRMATORY_PRIMARY,PERMISSIVE_GATED,UNGATED_EXECUTE_ADMISSIBLE,SAFE_PRUNING
58,NH2-ALTERNATIVE-OUT_OF_ORDER-R058,ALTERNATIVE,OUT_OF_ORDER,CONFIRMATORY_PRIMARY,UNGATED_EXECUTE_ADMISSIBLE,SAFE_PRUNING,PERMISSIVE_GATED
59,NH2-ALTERNATIVE-OUT_OF_ORDER-R059,ALTERNATIVE,OUT_OF_ORDER,CONFIRMATORY_PRIMARY,SAFE_PRUNING,UNGATED_EXECUTE_ADMISSIBLE,PERMISSIVE_GATED
60,NH2-ALTERNATIVE-OUT_OF_ORDER-R060,ALTERNATIVE,OUT_OF_ORDER,CONFIRMATORY_PRIMARY,UNGATED_EXECUTE_ADMISSIBLE,PERMISSIVE_GATED,SAFE_PRUNING
61,NH2-ALTERNATIVE-OVERLAP-R046,ALTERNATIVE,OVERLAP,CONFIRMATORY_PRIMARY,PERMISSIVE_GATED,UNGATED_EXECUTE_ADMISSIBLE,SAFE_PRUNING
62,NH2-ALTERNATIVE-OVERLAP-R047,ALTERNATIVE,OVERLAP,CONFIRMATORY_PRIMARY,UNGATED_EXECUTE_ADMISSIBLE,PERMISSIVE_GATED,SAFE_PRUNING
63,NH2-ALTERNATIVE-OVERLAP-R048,ALTERNATIVE,OVERLAP,CONFIRMATORY_PRIMARY,UNGATED_EXECUTE_ADMISSIBLE,SAFE_PRUNING,PERMISSIVE_GATED
64,NH2-ALTERNATIVE-OVERLAP-R049,ALTERNATIVE,OVERLAP,CONFIRMATORY_PRIMARY,SAFE_PRUNING,PERMISSIVE_GATED,UNGATED_EXECUTE_ADMISSIBLE
65,NH2-ALTERNATIVE-OVERLAP-R050,ALTERNATIVE,OVERLAP,CONFIRMATORY_PRIMARY,SAFE_PRUNING,UNGATED_EXECUTE_ADMISSIBLE,PERMISSIVE_GATED
66,NH2-ALTERNATIVE-OVERLAP-R051,ALTERNATIVE,OVERLAP,CONFIRMATORY_PRIMARY,PERMISSIVE_GATED,SAFE_PRUNING,UNGATED_EXECUTE_ADMISSIBLE
67,NH2-ALTERNATIVE-OVERLAP-R052,ALTERNATIVE,OVERLAP,CONFIRMATORY_PRIMARY,PERMISSIVE_GATED,SAFE_PRUNING,UNGATED_EXECUTE_ADMISSIBLE
68,NH2-ALTERNATIVE-OVERLAP-R053,ALTERNATIVE,OVERLAP,CONFIRMATORY_PRIMARY,SAFE_PRUNING,UNGATED_EXECUTE_ADMISSIBLE,PERMISSIVE_GATED
69,NH2-ALTERNATIVE-OVERLAP-R054,ALTERNATIVE,OVERLAP,CONFIRMATORY_PRIMARY,PERMISSIVE_GATED,UNGATED_EXECUTE_ADMISSIBLE,SAFE_PRUNING
70,NH2-ALTERNATIVE-OVERLAP-R055,ALTERNATIVE,OVERLAP,CONFIRMATORY_PRIMARY,UNGATED_EXECUTE_ADMISSIBLE,PERMISSIVE_GATED,SAFE_PRUNING
71,NH2-ALTERNATIVE-OVERLAP-R056,ALTERNATIVE,OVERLAP,CONFIRMATORY_PRIMARY,SAFE_PRUNING,PERMISSIVE_GATED,UNGATED_EXECUTE_ADMISSIBLE
72,NH2-ALTERNATIVE-OVERLAP-R057,ALTERNATIVE,OVERLAP,CONFIRMATORY_PRIMARY,UNGATED_EXECUTE_ADMISSIBLE,SAFE_PRUNING,PERMISSIVE_GATED
73,NH2-ALTERNATIVE-OVERLAP-R058,ALTERNATIVE,OVERLAP,CONFIRMATORY_PRIMARY,SAFE_PRUNING,UNGATED_EXECUTE_ADMISSIBLE,PERMISSIVE_GATED
74,NH2-ALTERNATIVE-OVERLAP-R059,ALTERNATIVE,OVERLAP,CONFIRMATORY_PRIMARY,PERMISSIVE_GATED,SAFE_PRUNING,UNGATED_EXECUTE_ADMISSIBLE
75,NH2-ALTERNATIVE-OVERLAP-R060,ALTERNATIVE,OVERLAP,CONFIRMATORY_PRIMARY,UNGATED_EXECUTE_ADMISSIBLE,PERMISSIVE_GATED,SAFE_PRUNING
76,NH2-MULTI2-DISTRACTOR_HEAVY-R046,MULTI2,DISTRACTOR_HEAVY,CONFIRMATORY_PRIMARY,SAFE_PRUNING,PERMISSIVE_GATED,UNGATED_EXECUTE_ADMISSIBLE
77,NH2-MULTI2-DISTRACTOR_HEAVY-R047,MULTI2,DISTRACTOR_HEAVY,CONFIRMATORY_PRIMARY,UNGATED_EXECUTE_ADMISSIBLE,SAFE_PRUNING,PERMISSIVE_GATED
78,NH2-MULTI2-DISTRACTOR_HEAVY-R048,MULTI2,DISTRACTOR_HEAVY,CONFIRMATORY_PRIMARY,PERMISSIVE_GATED,UNGATED_EXECUTE_ADMISSIBLE,SAFE_PRUNING
79,NH2-MULTI2-DISTRACTOR_HEAVY-R049,MULTI2,DISTRACTOR_HEAVY,CONFIRMATORY_PRIMARY,UNGATED_EXECUTE_ADMISSIBLE,SAFE_PRUNING,PERMISSIVE_GATED
80,NH2-MULTI2-DISTRACTOR_HEAVY-R050,MULTI2,DISTRACTOR_HEAVY,CONFIRMATORY_PRIMARY,PERMISSIVE_GATED,UNGATED_EXECUTE_ADMISSIBLE,SAFE_PRUNING
81,NH2-MULTI2-DISTRACTOR_HEAVY-R051,MULTI2,DISTRACTOR_HEAVY,CONFIRMATORY_PRIMARY,PERMISSIVE_GATED,SAFE_PRUNING,UNGATED_EXECUTE_ADMISSIBLE
82,NH2-MULTI2-DISTRACTOR_HEAVY-R052,MULTI2,DISTRACTOR_HEAVY,CONFIRMATORY_PRIMARY,SAFE_PRUNING,PERMISSIVE_GATED,UNGATED_EXECUTE_ADMISSIBLE
83,NH2-MULTI2-DISTRACTOR_HEAVY-R053,MULTI2,DISTRACTOR_HEAVY,CONFIRMATORY_PRIMARY,SAFE_PRUNING,UNGATED_EXECUTE_ADMISSIBLE,PERMISSIVE_GATED
84,NH2-MULTI2-DISTRACTOR_HEAVY-R054,MULTI2,DISTRACTOR_HEAVY,CONFIRMATORY_PRIMARY,UNGATED_EXECUTE_ADMISSIBLE,PERMISSIVE_GATED,SAFE_PRUNING
85,NH2-MULTI2-DISTRACTOR_HEAVY-R055,MULTI2,DISTRACTOR_HEAVY,CONFIRMATORY_PRIMARY,PERMISSIVE_GATED,SAFE_PRUNING,UNGATED_EXECUTE_ADMISSIBLE
86,NH2-MULTI2-DISTRACTOR_HEAVY-R056,MULTI2,DISTRACTOR_HEAVY,CONFIRMATORY_PRIMARY,UNGATED_EXECUTE_ADMISSIBLE,PERMISSIVE_GATED,SAFE_PRUNING
87,NH2-MULTI2-DISTRACTOR_HEAVY-R057,MULTI2,DISTRACTOR_HEAVY,CONFIRMATORY_PRIMARY,UNGATED_EXECUTE_ADMISSIBLE,SAFE_PRUNING,PERMISSIVE_GATED
88,NH2-MULTI2-DISTRACTOR_HEAVY-R058,MULTI2,DISTRACTOR_HEAVY,CONFIRMATORY_PRIMARY,PERMISSIVE_GATED,UNGATED_EXECUTE_ADMISSIBLE,SAFE_PRUNING
89,NH2-MULTI2-DISTRACTOR_HEAVY-R059,MULTI2,DISTRACTOR_HEAVY,CONFIRMATORY_PRIMARY,SAFE_PRUNING,UNGATED_EXECUTE_ADMISSIBLE,PERMISSIVE_GATED
90,NH2-MULTI2-DISTRACTOR_HEAVY-R060,MULTI2,DISTRACTOR_HEAVY,CONFIRMATORY_PRIMARY,SAFE_PRUNING,PERMISSIVE_GATED,UNGATED_EXECUTE_ADMISSIBLE
91,NH2-MULTI2-MIXED_SAT-R046,MULTI2,MIXED_SAT,CONFIRMATORY_PRIMARY,UNGATED_EXECUTE_ADMISSIBLE,PERMISSIVE_GATED,SAFE_PRUNING
92,NH2-MULTI2-MIXED_SAT-R047,MULTI2,MIXED_SAT,CONFIRMATORY_PRIMARY,UNGATED_EXECUTE_ADMISSIBLE,SAFE_PRUNING,PERMISSIVE_GATED
93,NH2-MULTI2-MIXED_SAT-R048,MULTI2,MIXED_SAT,CONFIRMATORY_PRIMARY,SAFE_PRUNING,UNGATED_EXECUTE_ADMISSIBLE,PERMISSIVE_GATED
94,NH2-MULTI2-MIXED_SAT-R049,MULTI2,MIXED_SAT,CONFIRMATORY_PRIMARY,SAFE_PRUNING,PERMISSIVE_GATED,UNGATED_EXECUTE_ADMISSIBLE
95,NH2-MULTI2-MIXED_SAT-R050,MULTI2,MIXED_SAT,CONFIRMATORY_PRIMARY,PERMISSIVE_GATED,UNGATED_EXECUTE_ADMISSIBLE,SAFE_PRUNING
96,NH2-MULTI2-MIXED_SAT-R051,MULTI2,MIXED_SAT,CONFIRMATORY_PRIMARY,PERMISSIVE_GATED,SAFE_PRUNING,UNGATED_EXECUTE_ADMISSIBLE
97,NH2-MULTI2-MIXED_SAT-R052,MULTI2,MIXED_SAT,CONFIRMATORY_PRIMARY,SAFE_PRUNING,UNGATED_EXECUTE_ADMISSIBLE,PERMISSIVE_GATED
98,NH2-MULTI2-MIXED_SAT-R053,MULTI2,MIXED_SAT,CONFIRMATORY_PRIMARY,PERMISSIVE_GATED,SAFE_PRUNING,UNGATED_EXECUTE_ADMISSIBLE
99,NH2-MULTI2-MIXED_SAT-R054,MULTI2,MIXED_SAT,CONFIRMATORY_PRIMARY,PERMISSIVE_GATED,UNGATED_EXECUTE_ADMISSIBLE,SAFE_PRUNING
100,NH2-MULTI2-MIXED_SAT-R055,MULTI2,MIXED_SAT,CONFIRMATORY_PRIMARY,SAFE_PRUNING,PERMISSIVE_GATED,UNGATED_EXECUTE_ADMISSIBLE
101,NH2-MULTI2-MIXED_SAT-R056,MULTI2,MIXED_SAT,CONFIRMATORY_PRIMARY,UNGATED_EXECUTE_ADMISSIBLE,SAFE_PRUNING,PERMISSIVE_GATED
102,NH2-MULTI2-MIXED_SAT-R057,MULTI2,MIXED_SAT,CONFIRMATORY_PRIMARY,UNGATED_EXECUTE_ADMISSIBLE,PERMISSIVE_GATED,SAFE_PRUNING
103,NH2-MULTI2-MIXED_SAT-R058,MULTI2,MIXED_SAT,CONFIRMATORY_PRIMARY,SAFE_PRUNING,PERMISSIVE_GATED,UNGATED_EXECUTE_ADMISSIBLE
104,NH2-MULTI2-MIXED_SAT-R059,MULTI2,MIXED_SAT,CONFIRMATORY_PRIMARY,PERMISSIVE_GATED,SAFE_PRUNING,UNGATED_EXECUTE_ADMISSIBLE
105,NH2-MULTI2-MIXED_SAT-R060,MULTI2,MIXED_SAT,CONFIRMATORY_PRIMARY,UNGATED_EXECUTE_ADMISSIBLE,SAFE_PRUNING,PERMISSIVE_GATED
106,NH2-MULTI2-ORDERED-R046,MULTI2,ORDERED,CONFIRMATORY_PRIMARY,SAFE_PRUNING,UNGATED_EXECUTE_ADMISSIBLE,PERMISSIVE_GATED
107,NH2-MULTI2-ORDERED-R047,MULTI2,ORDERED,CONFIRMATORY_PRIMARY,PERMISSIVE_GATED,UNGATED_EXECUTE_ADMISSIBLE,SAFE_PRUNING
108,NH2-MULTI2-ORDERED-R048,MULTI2,ORDERED,CONFIRMATORY_PRIMARY,UNGATED_EXECUTE_ADMISSIBLE,PERMISSIVE_GATED,SAFE_PRUNING
109,NH2-MULTI2-ORDERED-R049,MULTI2,ORDERED,CONFIRMATORY_PRIMARY,SAFE_PRUNING,UNGATED_EXECUTE_ADMISSIBLE,PERMISSIVE_GATED
110,NH2-MULTI2-ORDERED-R050,MULTI2,ORDERED,CONFIRMATORY_PRIMARY,PERMISSIVE_GATED,UNGATED_EXECUTE_ADMISSIBLE,SAFE_PRUNING
111,NH2-MULTI2-ORDERED-R051,MULTI2,ORDERED,CONFIRMATORY_PRIMARY,UNGATED_EXECUTE_ADMISSIBLE,SAFE_PRUNING,PERMISSIVE_GATED
112,NH2-MULTI2-ORDERED-R052,MULTI2,ORDERED,CONFIRMATORY_PRIMARY,UNGATED_EXECUTE_ADMISSIBLE,PERMISSIVE_GATED,SAFE_PRUNING
113,NH2-MULTI2-ORDERED-R053,MULTI2,ORDERED,CONFIRMATORY_PRIMARY,SAFE_PRUNING,PERMISSIVE_GATED,UNGATED_EXECUTE_ADMISSIBLE
114,NH2-MULTI2-ORDERED-R054,MULTI2,ORDERED,CONFIRMATORY_PRIMARY,PERMISSIVE_GATED,SAFE_PRUNING,UNGATED_EXECUTE_ADMISSIBLE
115,NH2-MULTI2-ORDERED-R055,MULTI2,ORDERED,CONFIRMATORY_PRIMARY,SAFE_PRUNING,PERMISSIVE_GATED,UNGATED_EXECUTE_ADMISSIBLE
116,NH2-MULTI2-ORDERED-R056,MULTI2,ORDERED,CONFIRMATORY_PRIMARY,SAFE_PRUNING,UNGATED_EXECUTE_ADMISSIBLE,PERMISSIVE_GATED
117,NH2-MULTI2-ORDERED-R057,MULTI2,ORDERED,CONFIRMATORY_PRIMARY,UNGATED_EXECUTE_ADMISSIBLE,PERMISSIVE_GATED,SAFE_PRUNING
118,NH2-MULTI2-ORDERED-R058,MULTI2,ORDERED,CONFIRMATORY_PRIMARY,UNGATED_EXECUTE_ADMISSIBLE,SAFE_PRUNING,PERMISSIVE_GATED
119,NH2-MULTI2-ORDERED-R059,MULTI2,ORDERED,CONFIRMATORY_PRIMARY,PERMISSIVE_GATED,UNGATED_EXECUTE_ADMISSIBLE,SAFE_PRUNING
120,NH2-MULTI2-ORDERED-R060,MULTI2,ORDERED,CONFIRMATORY_PRIMARY,PERMISSIVE_GATED,SAFE_PRUNING,UNGATED_EXECUTE_ADMISSIBLE
121,NH2-MULTI2-OUT_OF_ORDER-R046,MULTI2,OUT_OF_ORDER,CONFIRMATORY_PRIMARY,PERMISSIVE_GATED,SAFE_PRUNING,UNGATED_EXECUTE_ADMISSIBLE
122,NH2-MULTI2-OUT_OF_ORDER-R047,MULTI2,OUT_OF_ORDER,CONFIRMATORY_PRIMARY,UNGATED_EXECUTE_ADMISSIBLE,SAFE_PRUNING,PERMISSIVE_GATED
123,NH2-MULTI2-OUT_OF_ORDER-R048,MULTI2,OUT_OF_ORDER,CONFIRMATORY_PRIMARY,SAFE_PRUNING,UNGATED_EXECUTE_ADMISSIBLE,PERMISSIVE_GATED
124,NH2-MULTI2-OUT_OF_ORDER-R049,MULTI2,OUT_OF_ORDER,CONFIRMATORY_PRIMARY,SAFE_PRUNING,PERMISSIVE_GATED,UNGATED_EXECUTE_ADMISSIBLE
125,NH2-MULTI2-OUT_OF_ORDER-R050,MULTI2,OUT_OF_ORDER,CONFIRMATORY_PRIMARY,UNGATED_EXECUTE_ADMISSIBLE,PERMISSIVE_GATED,SAFE_PRUNING
126,NH2-MULTI2-OUT_OF_ORDER-R051,MULTI2,OUT_OF_ORDER,CONFIRMATORY_PRIMARY,PERMISSIVE_GATED,UNGATED_EXECUTE_ADMISSIBLE,SAFE_PRUNING
127,NH2-MULTI2-OUT_OF_ORDER-R052,MULTI2,OUT_OF_ORDER,CONFIRMATORY_PRIMARY,PERMISSIVE_GATED,UNGATED_EXECUTE_ADMISSIBLE,SAFE_PRUNING
128,NH2-MULTI2-OUT_OF_ORDER-R053,MULTI2,OUT_OF_ORDER,CONFIRMATORY_PRIMARY,UNGATED_EXECUTE_ADMISSIBLE,PERMISSIVE_GATED,SAFE_PRUNING
129,NH2-MULTI2-OUT_OF_ORDER-R054,MULTI2,OUT_OF_ORDER,CONFIRMATORY_PRIMARY,SAFE_PRUNING,PERMISSIVE_GATED,UNGATED_EXECUTE_ADMISSIBLE
130,NH2-MULTI2-OUT_OF_ORDER-R055,MULTI2,OUT_OF_ORDER,CONFIRMATORY_PRIMARY,SAFE_PRUNING,UNGATED_EXECUTE_ADMISSIBLE,PERMISSIVE_GATED
131,NH2-MULTI2-OUT_OF_ORDER-R056,MULTI2,OUT_OF_ORDER,CONFIRMATORY_PRIMARY,PERMISSIVE_GATED,SAFE_PRUNING,UNGATED_EXECUTE_ADMISSIBLE
132,NH2-MULTI2-OUT_OF_ORDER-R057,MULTI2,OUT_OF_ORDER,CONFIRMATORY_PRIMARY,UNGATED_EXECUTE_ADMISSIBLE,SAFE_PRUNING,PERMISSIVE_GATED
133,NH2-MULTI2-OUT_OF_ORDER-R058,MULTI2,OUT_OF_ORDER,CONFIRMATORY_PRIMARY,SAFE_PRUNING,UNGATED_EXECUTE_ADMISSIBLE,PERMISSIVE_GATED
134,NH2-MULTI2-OUT_OF_ORDER-R059,MULTI2,OUT_OF_ORDER,CONFIRMATORY_PRIMARY,SAFE_PRUNING,PERMISSIVE_GATED,UNGATED_EXECUTE_ADMISSIBLE
135,NH2-MULTI2-OUT_OF_ORDER-R060,MULTI2,OUT_OF_ORDER,CONFIRMATORY_PRIMARY,PERMISSIVE_GATED,UNGATED_EXECUTE_ADMISSIBLE,SAFE_PRUNING
136,NH2-MULTI2-OVERLAP-R046,MULTI2,OVERLAP,CONFIRMATORY_PRIMARY,PERMISSIVE_GATED,SAFE_PRUNING,UNGATED_EXECUTE_ADMISSIBLE
137,NH2-MULTI2-OVERLAP-R047,MULTI2,OVERLAP,CONFIRMATORY_PRIMARY,UNGATED_EXECUTE_ADMISSIBLE,SAFE_PRUNING,PERMISSIVE_GATED
138,NH2-MULTI2-OVERLAP-R048,MULTI2,OVERLAP,CONFIRMATORY_PRIMARY,UNGATED_EXECUTE_ADMISSIBLE,PERMISSIVE_GATED,SAFE_PRUNING
139,NH2-MULTI2-OVERLAP-R049,MULTI2,OVERLAP,CONFIRMATORY_PRIMARY,UNGATED_EXECUTE_ADMISSIBLE,SAFE_PRUNING,PERMISSIVE_GATED
140,NH2-MULTI2-OVERLAP-R050,MULTI2,OVERLAP,CONFIRMATORY_PRIMARY,PERMISSIVE_GATED,UNGATED_EXECUTE_ADMISSIBLE,SAFE_PRUNING
141,NH2-MULTI2-OVERLAP-R051,MULTI2,OVERLAP,CONFIRMATORY_PRIMARY,PERMISSIVE_GATED,SAFE_PRUNING,UNGATED_EXECUTE_ADMISSIBLE
142,NH2-MULTI2-OVERLAP-R052,MULTI2,OVERLAP,CONFIRMATORY_PRIMARY,UNGATED_EXECUTE_ADMISSIBLE,PERMISSIVE_GATED,SAFE_PRUNING
143,NH2-MULTI2-OVERLAP-R053,MULTI2,OVERLAP,CONFIRMATORY_PRIMARY,SAFE_PRUNING,PERMISSIVE_GATED,UNGATED_EXECUTE_ADMISSIBLE
144,NH2-MULTI2-OVERLAP-R054,MULTI2,OVERLAP,CONFIRMATORY_PRIMARY,SAFE_PRUNING,UNGATED_EXECUTE_ADMISSIBLE,PERMISSIVE_GATED
145,NH2-MULTI2-OVERLAP-R055,MULTI2,OVERLAP,CONFIRMATORY_PRIMARY,SAFE_PRUNING,PERMISSIVE_GATED,UNGATED_EXECUTE_ADMISSIBLE
146,NH2-MULTI2-OVERLAP-R056,MULTI2,OVERLAP,CONFIRMATORY_PRIMARY,PERMISSIVE_GATED,SAFE_PRUNING,UNGATED_EXECUTE_ADMISSIBLE
147,NH2-MULTI2-OVERLAP-R057,MULTI2,OVERLAP,CONFIRMATORY_PRIMARY,SAFE_PRUNING,UNGATED_EXECUTE_ADMISSIBLE,PERMISSIVE_GATED
148,NH2-MULTI2-OVERLAP-R058,MULTI2,OVERLAP,CONFIRMATORY_PRIMARY,PERMISSIVE_GATED,UNGATED_EXECUTE_ADMISSIBLE,SAFE_PRUNING
149,NH2-MULTI2-OVERLAP-R059,MULTI2,OVERLAP,CONFIRMATORY_PRIMARY,UNGATED_EXECUTE_ADMISSIBLE,SAFE_PRUNING,PERMISSIVE_GATED
150,NH2-MULTI2-OVERLAP-R060,MULTI2,OVERLAP,CONFIRMATORY_PRIMARY,UNGATED_EXECUTE_ADMISSIBLE,PERMISSIVE_GATED,SAFE_PRUNING
151,NH2-OVERLAP-DISTRACTOR_HEAVY-R046,OVERLAP,DISTRACTOR_HEAVY,CONFIRMATORY_PRIMARY,UNGATED_EXECUTE_ADMISSIBLE,SAFE_PRUNING,PERMISSIVE_GATED
152,NH2-OVERLAP-DISTRACTOR_HEAVY-R047,OVERLAP,DISTRACTOR_HEAVY,CONFIRMATORY_PRIMARY,SAFE_PRUNING,PERMISSIVE_GATED,UNGATED_EXECUTE_ADMISSIBLE
153,NH2-OVERLAP-DISTRACTOR_HEAVY-R048,OVERLAP,DISTRACTOR_HEAVY,CONFIRMATORY_PRIMARY,PERMISSIVE_GATED,SAFE_PRUNING,UNGATED_EXECUTE_ADMISSIBLE
154,NH2-OVERLAP-DISTRACTOR_HEAVY-R049,OVERLAP,DISTRACTOR_HEAVY,CONFIRMATORY_PRIMARY,UNGATED_EXECUTE_ADMISSIBLE,PERMISSIVE_GATED,SAFE_PRUNING
155,NH2-OVERLAP-DISTRACTOR_HEAVY-R050,OVERLAP,DISTRACTOR_HEAVY,CONFIRMATORY_PRIMARY,PERMISSIVE_GATED,UNGATED_EXECUTE_ADMISSIBLE,SAFE_PRUNING
156,NH2-OVERLAP-DISTRACTOR_HEAVY-R051,OVERLAP,DISTRACTOR_HEAVY,CONFIRMATORY_PRIMARY,SAFE_PRUNING,UNGATED_EXECUTE_ADMISSIBLE,PERMISSIVE_GATED
157,NH2-OVERLAP-DISTRACTOR_HEAVY-R052,OVERLAP,DISTRACTOR_HEAVY,CONFIRMATORY_PRIMARY,SAFE_PRUNING,UNGATED_EXECUTE_ADMISSIBLE,PERMISSIVE_GATED
158,NH2-OVERLAP-DISTRACTOR_HEAVY-R053,OVERLAP,DISTRACTOR_HEAVY,CONFIRMATORY_PRIMARY,UNGATED_EXECUTE_ADMISSIBLE,PERMISSIVE_GATED,SAFE_PRUNING
159,NH2-OVERLAP-DISTRACTOR_HEAVY-R054,OVERLAP,DISTRACTOR_HEAVY,CONFIRMATORY_PRIMARY,UNGATED_EXECUTE_ADMISSIBLE,SAFE_PRUNING,PERMISSIVE_GATED
160,NH2-OVERLAP-DISTRACTOR_HEAVY-R055,OVERLAP,DISTRACTOR_HEAVY,CONFIRMATORY_PRIMARY,PERMISSIVE_GATED,SAFE_PRUNING,UNGATED_EXECUTE_ADMISSIBLE
161,NH2-OVERLAP-DISTRACTOR_HEAVY-R056,OVERLAP,DISTRACTOR_HEAVY,CONFIRMATORY_PRIMARY,SAFE_PRUNING,PERMISSIVE_GATED,UNGATED_EXECUTE_ADMISSIBLE
162,NH2-OVERLAP-DISTRACTOR_HEAVY-R057,OVERLAP,DISTRACTOR_HEAVY,CONFIRMATORY_PRIMARY,PERMISSIVE_GATED,UNGATED_EXECUTE_ADMISSIBLE,SAFE_PRUNING
163,NH2-OVERLAP-DISTRACTOR_HEAVY-R058,OVERLAP,DISTRACTOR_HEAVY,CONFIRMATORY_PRIMARY,PERMISSIVE_GATED,SAFE_PRUNING,UNGATED_EXECUTE_ADMISSIBLE
164,NH2-OVERLAP-DISTRACTOR_HEAVY-R059,OVERLAP,DISTRACTOR_HEAVY,CONFIRMATORY_PRIMARY,UNGATED_EXECUTE_ADMISSIBLE,PERMISSIVE_GATED,SAFE_PRUNING
165,NH2-OVERLAP-DISTRACTOR_HEAVY-R060,OVERLAP,DISTRACTOR_HEAVY,CONFIRMATORY_PRIMARY,SAFE_PRUNING,PERMISSIVE_GATED,UNGATED_EXECUTE_ADMISSIBLE
166,NH2-OVERLAP-MIXED_SAT-R046,OVERLAP,MIXED_SAT,CONFIRMATORY_PRIMARY,SAFE_PRUNING,UNGATED_EXECUTE_ADMISSIBLE,PERMISSIVE_GATED
167,NH2-OVERLAP-MIXED_SAT-R047,OVERLAP,MIXED_SAT,CONFIRMATORY_PRIMARY,UNGATED_EXECUTE_ADMISSIBLE,SAFE_PRUNING,PERMISSIVE_GATED
168,NH2-OVERLAP-MIXED_SAT-R048,OVERLAP,MIXED_SAT,CONFIRMATORY_PRIMARY,PERMISSIVE_GATED,UNGATED_EXECUTE_ADMISSIBLE,SAFE_PRUNING
169,NH2-OVERLAP-MIXED_SAT-R049,OVERLAP,MIXED_SAT,CONFIRMATORY_PRIMARY,SAFE_PRUNING,UNGATED_EXECUTE_ADMISSIBLE,PERMISSIVE_GATED
170,NH2-OVERLAP-MIXED_SAT-R050,OVERLAP,MIXED_SAT,CONFIRMATORY_PRIMARY,PERMISSIVE_GATED,SAFE_PRUNING,UNGATED_EXECUTE_ADMISSIBLE
171,NH2-OVERLAP-MIXED_SAT-R051,OVERLAP,MIXED_SAT,CONFIRMATORY_PRIMARY,UNGATED_EXECUTE_ADMISSIBLE,PERMISSIVE_GATED,SAFE_PRUNING
172,NH2-OVERLAP-MIXED_SAT-R052,OVERLAP,MIXED_SAT,CONFIRMATORY_PRIMARY,SAFE_PRUNING,PERMISSIVE_GATED,UNGATED_EXECUTE_ADMISSIBLE
173,NH2-OVERLAP-MIXED_SAT-R053,OVERLAP,MIXED_SAT,CONFIRMATORY_PRIMARY,PERMISSIVE_GATED,UNGATED_EXECUTE_ADMISSIBLE,SAFE_PRUNING
174,NH2-OVERLAP-MIXED_SAT-R054,OVERLAP,MIXED_SAT,CONFIRMATORY_PRIMARY,UNGATED_EXECUTE_ADMISSIBLE,SAFE_PRUNING,PERMISSIVE_GATED
175,NH2-OVERLAP-MIXED_SAT-R055,OVERLAP,MIXED_SAT,CONFIRMATORY_PRIMARY,PERMISSIVE_GATED,UNGATED_EXECUTE_ADMISSIBLE,SAFE_PRUNING
176,NH2-OVERLAP-MIXED_SAT-R056,OVERLAP,MIXED_SAT,CONFIRMATORY_PRIMARY,UNGATED_EXECUTE_ADMISSIBLE,SAFE_PRUNING,PERMISSIVE_GATED
177,NH2-OVERLAP-MIXED_SAT-R057,OVERLAP,MIXED_SAT,CONFIRMATORY_PRIMARY,PERMISSIVE_GATED,SAFE_PRUNING,UNGATED_EXECUTE_ADMISSIBLE
178,NH2-OVERLAP-MIXED_SAT-R058,OVERLAP,MIXED_SAT,CONFIRMATORY_PRIMARY,SAFE_PRUNING,PERMISSIVE_GATED,UNGATED_EXECUTE_ADMISSIBLE
179,NH2-OVERLAP-MIXED_SAT-R059,OVERLAP,MIXED_SAT,CONFIRMATORY_PRIMARY,SAFE_PRUNING,UNGATED_EXECUTE_ADMISSIBLE,PERMISSIVE_GATED
180,NH2-OVERLAP-MIXED_SAT-R060,OVERLAP,MIXED_SAT,CONFIRMATORY_PRIMARY,UNGATED_EXECUTE_ADMISSIBLE,PERMISSIVE_GATED,SAFE_PRUNING
181,NH2-OVERLAP-ORDERED-R046,OVERLAP,ORDERED,CONFIRMATORY_PRIMARY,PERMISSIVE_GATED,UNGATED_EXECUTE_ADMISSIBLE,SAFE_PRUNING
182,NH2-OVERLAP-ORDERED-R047,OVERLAP,ORDERED,CONFIRMATORY_PRIMARY,SAFE_PRUNING,PERMISSIVE_GATED,UNGATED_EXECUTE_ADMISSIBLE
183,NH2-OVERLAP-ORDERED-R048,OVERLAP,ORDERED,CONFIRMATORY_PRIMARY,PERMISSIVE_GATED,SAFE_PRUNING,UNGATED_EXECUTE_ADMISSIBLE
184,NH2-OVERLAP-ORDERED-R049,OVERLAP,ORDERED,CONFIRMATORY_PRIMARY,UNGATED_EXECUTE_ADMISSIBLE,SAFE_PRUNING,PERMISSIVE_GATED
185,NH2-OVERLAP-ORDERED-R050,OVERLAP,ORDERED,CONFIRMATORY_PRIMARY,SAFE_PRUNING,UNGATED_EXECUTE_ADMISSIBLE,PERMISSIVE_GATED
186,NH2-OVERLAP-ORDERED-R051,OVERLAP,ORDERED,CONFIRMATORY_PRIMARY,UNGATED_EXECUTE_ADMISSIBLE,PERMISSIVE_GATED,SAFE_PRUNING
187,NH2-OVERLAP-ORDERED-R052,OVERLAP,ORDERED,CONFIRMATORY_PRIMARY,UNGATED_EXECUTE_ADMISSIBLE,PERMISSIVE_GATED,SAFE_PRUNING
188,NH2-OVERLAP-ORDERED-R053,OVERLAP,ORDERED,CONFIRMATORY_PRIMARY,PERMISSIVE_GATED,SAFE_PRUNING,UNGATED_EXECUTE_ADMISSIBLE
189,NH2-OVERLAP-ORDERED-R054,OVERLAP,ORDERED,CONFIRMATORY_PRIMARY,UNGATED_EXECUTE_ADMISSIBLE,SAFE_PRUNING,PERMISSIVE_GATED
190,NH2-OVERLAP-ORDERED-R055,OVERLAP,ORDERED,CONFIRMATORY_PRIMARY,PERMISSIVE_GATED,UNGATED_EXECUTE_ADMISSIBLE,SAFE_PRUNING
191,NH2-OVERLAP-ORDERED-R056,OVERLAP,ORDERED,CONFIRMATORY_PRIMARY,SAFE_PRUNING,PERMISSIVE_GATED,UNGATED_EXECUTE_ADMISSIBLE
192,NH2-OVERLAP-ORDERED-R057,OVERLAP,ORDERED,CONFIRMATORY_PRIMARY,SAFE_PRUNING,UNGATED_EXECUTE_ADMISSIBLE,PERMISSIVE_GATED
193,NH2-OVERLAP-ORDERED-R058,OVERLAP,ORDERED,CONFIRMATORY_PRIMARY,SAFE_PRUNING,PERMISSIVE_GATED,UNGATED_EXECUTE_ADMISSIBLE
194,NH2-OVERLAP-ORDERED-R059,OVERLAP,ORDERED,CONFIRMATORY_PRIMARY,UNGATED_EXECUTE_ADMISSIBLE,PERMISSIVE_GATED,SAFE_PRUNING
195,NH2-OVERLAP-ORDERED-R060,OVERLAP,ORDERED,CONFIRMATORY_PRIMARY,PERMISSIVE_GATED,SAFE_PRUNING,UNGATED_EXECUTE_ADMISSIBLE
196,NH2-OVERLAP-OUT_OF_ORDER-R046,OVERLAP,OUT_OF_ORDER,CONFIRMATORY_PRIMARY,UNGATED_EXECUTE_ADMISSIBLE,SAFE_PRUNING,PERMISSIVE_GATED
197,NH2-OVERLAP-OUT_OF_ORDER-R047,OVERLAP,OUT_OF_ORDER,CONFIRMATORY_PRIMARY,SAFE_PRUNING,UNGATED_EXECUTE_ADMISSIBLE,PERMISSIVE_GATED
198,NH2-OVERLAP-OUT_OF_ORDER-R048,OVERLAP,OUT_OF_ORDER,CONFIRMATORY_PRIMARY,PERMISSIVE_GATED,UNGATED_EXECUTE_ADMISSIBLE,SAFE_PRUNING
199,NH2-OVERLAP-OUT_OF_ORDER-R049,OVERLAP,OUT_OF_ORDER,CONFIRMATORY_PRIMARY,PERMISSIVE_GATED,SAFE_PRUNING,UNGATED_EXECUTE_ADMISSIBLE
200,NH2-OVERLAP-OUT_OF_ORDER-R050,OVERLAP,OUT_OF_ORDER,CONFIRMATORY_PRIMARY,UNGATED_EXECUTE_ADMISSIBLE,SAFE_PRUNING,PERMISSIVE_GATED
201,NH2-OVERLAP-OUT_OF_ORDER-R051,OVERLAP,OUT_OF_ORDER,CONFIRMATORY_PRIMARY,SAFE_PRUNING,PERMISSIVE_GATED,UNGATED_EXECUTE_ADMISSIBLE
202,NH2-OVERLAP-OUT_OF_ORDER-R052,OVERLAP,OUT_OF_ORDER,CONFIRMATORY_PRIMARY,SAFE_PRUNING,UNGATED_EXECUTE_ADMISSIBLE,PERMISSIVE_GATED
203,NH2-OVERLAP-OUT_OF_ORDER-R053,OVERLAP,OUT_OF_ORDER,CONFIRMATORY_PRIMARY,PERMISSIVE_GATED,UNGATED_EXECUTE_ADMISSIBLE,SAFE_PRUNING
204,NH2-OVERLAP-OUT_OF_ORDER-R054,OVERLAP,OUT_OF_ORDER,CONFIRMATORY_PRIMARY,UNGATED_EXECUTE_ADMISSIBLE,PERMISSIVE_GATED,SAFE_PRUNING
205,NH2-OVERLAP-OUT_OF_ORDER-R055,OVERLAP,OUT_OF_ORDER,CONFIRMATORY_PRIMARY,UNGATED_EXECUTE_ADMISSIBLE,SAFE_PRUNING,PERMISSIVE_GATED
206,NH2-OVERLAP-OUT_OF_ORDER-R056,OVERLAP,OUT_OF_ORDER,CONFIRMATORY_PRIMARY,PERMISSIVE_GATED,UNGATED_EXECUTE_ADMISSIBLE,SAFE_PRUNING
207,NH2-OVERLAP-OUT_OF_ORDER-R057,OVERLAP,OUT_OF_ORDER,CONFIRMATORY_PRIMARY,SAFE_PRUNING,UNGATED_EXECUTE_ADMISSIBLE,PERMISSIVE_GATED
208,NH2-OVERLAP-OUT_OF_ORDER-R058,OVERLAP,OUT_OF_ORDER,CONFIRMATORY_PRIMARY,UNGATED_EXECUTE_ADMISSIBLE,PERMISSIVE_GATED,SAFE_PRUNING
209,NH2-OVERLAP-OUT_OF_ORDER-R059,OVERLAP,OUT_OF_ORDER,CONFIRMATORY_PRIMARY,SAFE_PRUNING,PERMISSIVE_GATED,UNGATED_EXECUTE_ADMISSIBLE
210,NH2-OVERLAP-OUT_OF_ORDER-R060,OVERLAP,OUT_OF_ORDER,CONFIRMATORY_PRIMARY,PERMISSIVE_GATED,SAFE_PRUNING,UNGATED_EXECUTE_ADMISSIBLE
211,NH2-OVERLAP-OVERLAP-R046,OVERLAP,OVERLAP,CONFIRMATORY_PRIMARY,PERMISSIVE_GATED,UNGATED_EXECUTE_ADMISSIBLE,SAFE_PRUNING
212,NH2-OVERLAP-OVERLAP-R047,OVERLAP,OVERLAP,CONFIRMATORY_PRIMARY,PERMISSIVE_GATED,SAFE_PRUNING,UNGATED_EXECUTE_ADMISSIBLE
213,NH2-OVERLAP-OVERLAP-R048,OVERLAP,OVERLAP,CONFIRMATORY_PRIMARY,SAFE_PRUNING,UNGATED_EXECUTE_ADMISSIBLE,PERMISSIVE_GATED
214,NH2-OVERLAP-OVERLAP-R049,OVERLAP,OVERLAP,CONFIRMATORY_PRIMARY,SAFE_PRUNING,PERMISSIVE_GATED,UNGATED_EXECUTE_ADMISSIBLE
215,NH2-OVERLAP-OVERLAP-R050,OVERLAP,OVERLAP,CONFIRMATORY_PRIMARY,UNGATED_EXECUTE_ADMISSIBLE,SAFE_PRUNING,PERMISSIVE_GATED
216,NH2-OVERLAP-OVERLAP-R051,OVERLAP,OVERLAP,CONFIRMATORY_PRIMARY,UNGATED_EXECUTE_ADMISSIBLE,PERMISSIVE_GATED,SAFE_PRUNING
217,NH2-OVERLAP-OVERLAP-R052,OVERLAP,OVERLAP,CONFIRMATORY_PRIMARY,UNGATED_EXECUTE_ADMISSIBLE,PERMISSIVE_GATED,SAFE_PRUNING
218,NH2-OVERLAP-OVERLAP-R053,OVERLAP,OVERLAP,CONFIRMATORY_PRIMARY,PERMISSIVE_GATED,UNGATED_EXECUTE_ADMISSIBLE,SAFE_PRUNING
219,NH2-OVERLAP-OVERLAP-R054,OVERLAP,OVERLAP,CONFIRMATORY_PRIMARY,SAFE_PRUNING,UNGATED_EXECUTE_ADMISSIBLE,PERMISSIVE_GATED
220,NH2-OVERLAP-OVERLAP-R055,OVERLAP,OVERLAP,CONFIRMATORY_PRIMARY,SAFE_PRUNING,PERMISSIVE_GATED,UNGATED_EXECUTE_ADMISSIBLE
221,NH2-OVERLAP-OVERLAP-R056,OVERLAP,OVERLAP,CONFIRMATORY_PRIMARY,UNGATED_EXECUTE_ADMISSIBLE,SAFE_PRUNING,PERMISSIVE_GATED
222,NH2-OVERLAP-OVERLAP-R057,OVERLAP,OVERLAP,CONFIRMATORY_PRIMARY,PERMISSIVE_GATED,SAFE_PRUNING,UNGATED_EXECUTE_ADMISSIBLE
223,NH2-OVERLAP-OVERLAP-R058,OVERLAP,OVERLAP,CONFIRMATORY_PRIMARY,SAFE_PRUNING,PERMISSIVE_GATED,UNGATED_EXECUTE_ADMISSIBLE
224,NH2-OVERLAP-OVERLAP-R059,OVERLAP,OVERLAP,CONFIRMATORY_PRIMARY,PERMISSIVE_GATED,UNGATED_EXECUTE_ADMISSIBLE,SAFE_PRUNING
225,NH2-OVERLAP-OVERLAP-R060,OVERLAP,OVERLAP,CONFIRMATORY_PRIMARY,PERMISSIVE_GATED,SAFE_PRUNING,UNGATED_EXECUTE_ADMISSIBLE
226,NH2-SINGLE-DISTRACTOR_HEAVY-R046,SINGLE,DISTRACTOR_HEAVY,CONFIRMATORY_PRIMARY,UNGATED_EXECUTE_ADMISSIBLE,PERMISSIVE_GATED,SAFE_PRUNING
227,NH2-SINGLE-DISTRACTOR_HEAVY-R047,SINGLE,DISTRACTOR_HEAVY,CONFIRMATORY_PRIMARY,UNGATED_EXECUTE_ADMISSIBLE,SAFE_PRUNING,PERMISSIVE_GATED
228,NH2-SINGLE-DISTRACTOR_HEAVY-R048,SINGLE,DISTRACTOR_HEAVY,CONFIRMATORY_PRIMARY,SAFE_PRUNING,UNGATED_EXECUTE_ADMISSIBLE,PERMISSIVE_GATED
229,NH2-SINGLE-DISTRACTOR_HEAVY-R049,SINGLE,DISTRACTOR_HEAVY,CONFIRMATORY_PRIMARY,UNGATED_EXECUTE_ADMISSIBLE,SAFE_PRUNING,PERMISSIVE_GATED
230,NH2-SINGLE-DISTRACTOR_HEAVY-R050,SINGLE,DISTRACTOR_HEAVY,CONFIRMATORY_PRIMARY,SAFE_PRUNING,UNGATED_EXECUTE_ADMISSIBLE,PERMISSIVE_GATED
231,NH2-SINGLE-DISTRACTOR_HEAVY-R051,SINGLE,DISTRACTOR_HEAVY,CONFIRMATORY_PRIMARY,PERMISSIVE_GATED,SAFE_PRUNING,UNGATED_EXECUTE_ADMISSIBLE
232,NH2-SINGLE-DISTRACTOR_HEAVY-R052,SINGLE,DISTRACTOR_HEAVY,CONFIRMATORY_PRIMARY,SAFE_PRUNING,PERMISSIVE_GATED,UNGATED_EXECUTE_ADMISSIBLE
233,NH2-SINGLE-DISTRACTOR_HEAVY-R053,SINGLE,DISTRACTOR_HEAVY,CONFIRMATORY_PRIMARY,UNGATED_EXECUTE_ADMISSIBLE,PERMISSIVE_GATED,SAFE_PRUNING
234,NH2-SINGLE-DISTRACTOR_HEAVY-R054,SINGLE,DISTRACTOR_HEAVY,CONFIRMATORY_PRIMARY,PERMISSIVE_GATED,UNGATED_EXECUTE_ADMISSIBLE,SAFE_PRUNING
235,NH2-SINGLE-DISTRACTOR_HEAVY-R055,SINGLE,DISTRACTOR_HEAVY,CONFIRMATORY_PRIMARY,SAFE_PRUNING,UNGATED_EXECUTE_ADMISSIBLE,PERMISSIVE_GATED
236,NH2-SINGLE-DISTRACTOR_HEAVY-R056,SINGLE,DISTRACTOR_HEAVY,CONFIRMATORY_PRIMARY,PERMISSIVE_GATED,UNGATED_EXECUTE_ADMISSIBLE,SAFE_PRUNING
237,NH2-SINGLE-DISTRACTOR_HEAVY-R057,SINGLE,DISTRACTOR_HEAVY,CONFIRMATORY_PRIMARY,UNGATED_EXECUTE_ADMISSIBLE,PERMISSIVE_GATED,SAFE_PRUNING
238,NH2-SINGLE-DISTRACTOR_HEAVY-R058,SINGLE,DISTRACTOR_HEAVY,CONFIRMATORY_PRIMARY,PERMISSIVE_GATED,SAFE_PRUNING,UNGATED_EXECUTE_ADMISSIBLE
239,NH2-SINGLE-DISTRACTOR_HEAVY-R059,SINGLE,DISTRACTOR_HEAVY,CONFIRMATORY_PRIMARY,SAFE_PRUNING,PERMISSIVE_GATED,UNGATED_EXECUTE_ADMISSIBLE
240,NH2-SINGLE-DISTRACTOR_HEAVY-R060,SINGLE,DISTRACTOR_HEAVY,CONFIRMATORY_PRIMARY,UNGATED_EXECUTE_ADMISSIBLE,SAFE_PRUNING,PERMISSIVE_GATED
241,NH2-SINGLE-MIXED_SAT-R046,SINGLE,MIXED_SAT,CONFIRMATORY_PRIMARY,UNGATED_EXECUTE_ADMISSIBLE,PERMISSIVE_GATED,SAFE_PRUNING
242,NH2-SINGLE-MIXED_SAT-R047,SINGLE,MIXED_SAT,CONFIRMATORY_PRIMARY,SAFE_PRUNING,UNGATED_EXECUTE_ADMISSIBLE,PERMISSIVE_GATED
243,NH2-SINGLE-MIXED_SAT-R048,SINGLE,MIXED_SAT,CONFIRMATORY_PRIMARY,PERMISSIVE_GATED,SAFE_PRUNING,UNGATED_EXECUTE_ADMISSIBLE
244,NH2-SINGLE-MIXED_SAT-R049,SINGLE,MIXED_SAT,CONFIRMATORY_PRIMARY,SAFE_PRUNING,PERMISSIVE_GATED,UNGATED_EXECUTE_ADMISSIBLE
245,NH2-SINGLE-MIXED_SAT-R050,SINGLE,MIXED_SAT,CONFIRMATORY_PRIMARY,UNGATED_EXECUTE_ADMISSIBLE,SAFE_PRUNING,PERMISSIVE_GATED
246,NH2-SINGLE-MIXED_SAT-R051,SINGLE,MIXED_SAT,CONFIRMATORY_PRIMARY,PERMISSIVE_GATED,UNGATED_EXECUTE_ADMISSIBLE,SAFE_PRUNING
247,NH2-SINGLE-MIXED_SAT-R052,SINGLE,MIXED_SAT,CONFIRMATORY_PRIMARY,PERMISSIVE_GATED,SAFE_PRUNING,UNGATED_EXECUTE_ADMISSIBLE
248,NH2-SINGLE-MIXED_SAT-R053,SINGLE,MIXED_SAT,CONFIRMATORY_PRIMARY,SAFE_PRUNING,PERMISSIVE_GATED,UNGATED_EXECUTE_ADMISSIBLE
249,NH2-SINGLE-MIXED_SAT-R054,SINGLE,MIXED_SAT,CONFIRMATORY_PRIMARY,SAFE_PRUNING,UNGATED_EXECUTE_ADMISSIBLE,PERMISSIVE_GATED
250,NH2-SINGLE-MIXED_SAT-R055,SINGLE,MIXED_SAT,CONFIRMATORY_PRIMARY,PERMISSIVE_GATED,UNGATED_EXECUTE_ADMISSIBLE,SAFE_PRUNING
251,NH2-SINGLE-MIXED_SAT-R056,SINGLE,MIXED_SAT,CONFIRMATORY_PRIMARY,UNGATED_EXECUTE_ADMISSIBLE,PERMISSIVE_GATED,SAFE_PRUNING
252,NH2-SINGLE-MIXED_SAT-R057,SINGLE,MIXED_SAT,CONFIRMATORY_PRIMARY,UNGATED_EXECUTE_ADMISSIBLE,SAFE_PRUNING,PERMISSIVE_GATED
253,NH2-SINGLE-MIXED_SAT-R058,SINGLE,MIXED_SAT,CONFIRMATORY_PRIMARY,SAFE_PRUNING,PERMISSIVE_GATED,UNGATED_EXECUTE_ADMISSIBLE
254,NH2-SINGLE-MIXED_SAT-R059,SINGLE,MIXED_SAT,CONFIRMATORY_PRIMARY,PERMISSIVE_GATED,UNGATED_EXECUTE_ADMISSIBLE,SAFE_PRUNING
255,NH2-SINGLE-MIXED_SAT-R060,SINGLE,MIXED_SAT,CONFIRMATORY_PRIMARY,UNGATED_EXECUTE_ADMISSIBLE,SAFE_PRUNING,PERMISSIVE_GATED
256,NH2-SINGLE-ORDERED-R046,SINGLE,ORDERED,CONFIRMATORY_PRIMARY,PERMISSIVE_GATED,SAFE_PRUNING,UNGATED_EXECUTE_ADMISSIBLE
257,NH2-SINGLE-ORDERED-R047,SINGLE,ORDERED,CONFIRMATORY_PRIMARY,UNGATED_EXECUTE_ADMISSIBLE,PERMISSIVE_GATED,SAFE_PRUNING
258,NH2-SINGLE-ORDERED-R048,SINGLE,ORDERED,CONFIRMATORY_PRIMARY,SAFE_PRUNING,UNGATED_EXECUTE_ADMISSIBLE,PERMISSIVE_GATED
259,NH2-SINGLE-ORDERED-R049,SINGLE,ORDERED,CONFIRMATORY_PRIMARY,UNGATED_EXECUTE_ADMISSIBLE,PERMISSIVE_GATED,SAFE_PRUNING
260,NH2-SINGLE-ORDERED-R050,SINGLE,ORDERED,CONFIRMATORY_PRIMARY,UNGATED_EXECUTE_ADMISSIBLE,SAFE_PRUNING,PERMISSIVE_GATED
261,NH2-SINGLE-ORDERED-R051,SINGLE,ORDERED,CONFIRMATORY_PRIMARY,PERMISSIVE_GATED,UNGATED_EXECUTE_ADMISSIBLE,SAFE_PRUNING
262,NH2-SINGLE-ORDERED-R052,SINGLE,ORDERED,CONFIRMATORY_PRIMARY,SAFE_PRUNING,PERMISSIVE_GATED,UNGATED_EXECUTE_ADMISSIBLE
263,NH2-SINGLE-ORDERED-R053,SINGLE,ORDERED,CONFIRMATORY_PRIMARY,PERMISSIVE_GATED,SAFE_PRUNING,UNGATED_EXECUTE_ADMISSIBLE
264,NH2-SINGLE-ORDERED-R054,SINGLE,ORDERED,CONFIRMATORY_PRIMARY,SAFE_PRUNING,UNGATED_EXECUTE_ADMISSIBLE,PERMISSIVE_GATED
265,NH2-SINGLE-ORDERED-R055,SINGLE,ORDERED,CONFIRMATORY_PRIMARY,PERMISSIVE_GATED,UNGATED_EXECUTE_ADMISSIBLE,SAFE_PRUNING
266,NH2-SINGLE-ORDERED-R056,SINGLE,ORDERED,CONFIRMATORY_PRIMARY,UNGATED_EXECUTE_ADMISSIBLE,SAFE_PRUNING,PERMISSIVE_GATED
267,NH2-SINGLE-ORDERED-R057,SINGLE,ORDERED,CONFIRMATORY_PRIMARY,UNGATED_EXECUTE_ADMISSIBLE,PERMISSIVE_GATED,SAFE_PRUNING
268,NH2-SINGLE-ORDERED-R058,SINGLE,ORDERED,CONFIRMATORY_PRIMARY,PERMISSIVE_GATED,SAFE_PRUNING,UNGATED_EXECUTE_ADMISSIBLE
269,NH2-SINGLE-ORDERED-R059,SINGLE,ORDERED,CONFIRMATORY_PRIMARY,SAFE_PRUNING,PERMISSIVE_GATED,UNGATED_EXECUTE_ADMISSIBLE
270,NH2-SINGLE-ORDERED-R060,SINGLE,ORDERED,CONFIRMATORY_PRIMARY,SAFE_PRUNING,UNGATED_EXECUTE_ADMISSIBLE,PERMISSIVE_GATED
271,NH2-SINGLE-OUT_OF_ORDER-R046,SINGLE,OUT_OF_ORDER,CONFIRMATORY_PRIMARY,SAFE_PRUNING,PERMISSIVE_GATED,UNGATED_EXECUTE_ADMISSIBLE
272,NH2-SINGLE-OUT_OF_ORDER-R047,SINGLE,OUT_OF_ORDER,CONFIRMATORY_PRIMARY,PERMISSIVE_GATED,SAFE_PRUNING,UNGATED_EXECUTE_ADMISSIBLE
273,NH2-SINGLE-OUT_OF_ORDER-R048,SINGLE,OUT_OF_ORDER,CONFIRMATORY_PRIMARY,SAFE_PRUNING,UNGATED_EXECUTE_ADMISSIBLE,PERMISSIVE_GATED
274,NH2-SINGLE-OUT_OF_ORDER-R049,SINGLE,OUT_OF_ORDER,CONFIRMATORY_PRIMARY,UNGATED_EXECUTE_ADMISSIBLE,SAFE_PRUNING,PERMISSIVE_GATED
275,NH2-SINGLE-OUT_OF_ORDER-R050,SINGLE,OUT_OF_ORDER,CONFIRMATORY_PRIMARY,UNGATED_EXECUTE_ADMISSIBLE,PERMISSIVE_GATED,SAFE_PRUNING
276,NH2-SINGLE-OUT_OF_ORDER-R051,SINGLE,OUT_OF_ORDER,CONFIRMATORY_PRIMARY,PERMISSIVE_GATED,UNGATED_EXECUTE_ADMISSIBLE,SAFE_PRUNING
277,NH2-SINGLE-OUT_OF_ORDER-R052,SINGLE,OUT_OF_ORDER,CONFIRMATORY_PRIMARY,SAFE_PRUNING,PERMISSIVE_GATED,UNGATED_EXECUTE_ADMISSIBLE
278,NH2-SINGLE-OUT_OF_ORDER-R053,SINGLE,OUT_OF_ORDER,CONFIRMATORY_PRIMARY,UNGATED_EXECUTE_ADMISSIBLE,SAFE_PRUNING,PERMISSIVE_GATED
279,NH2-SINGLE-OUT_OF_ORDER-R054,SINGLE,OUT_OF_ORDER,CONFIRMATORY_PRIMARY,UNGATED_EXECUTE_ADMISSIBLE,PERMISSIVE_GATED,SAFE_PRUNING
280,NH2-SINGLE-OUT_OF_ORDER-R055,SINGLE,OUT_OF_ORDER,CONFIRMATORY_PRIMARY,SAFE_PRUNING,UNGATED_EXECUTE_ADMISSIBLE,PERMISSIVE_GATED
281,NH2-SINGLE-OUT_OF_ORDER-R056,SINGLE,OUT_OF_ORDER,CONFIRMATORY_PRIMARY,PERMISSIVE_GATED,SAFE_PRUNING,UNGATED_EXECUTE_ADMISSIBLE
282,NH2-SINGLE-OUT_OF_ORDER-R057,SINGLE,OUT_OF_ORDER,CONFIRMATORY_PRIMARY,PERMISSIVE_GATED,UNGATED_EXECUTE_ADMISSIBLE,SAFE_PRUNING
283,NH2-SINGLE-OUT_OF_ORDER-R058,SINGLE,OUT_OF_ORDER,CONFIRMATORY_PRIMARY,PERMISSIVE_GATED,SAFE_PRUNING,UNGATED_EXECUTE_ADMISSIBLE
284,NH2-SINGLE-OUT_OF_ORDER-R059,SINGLE,OUT_OF_ORDER,CONFIRMATORY_PRIMARY,UNGATED_EXECUTE_ADMISSIBLE,PERMISSIVE_GATED,SAFE_PRUNING
285,NH2-SINGLE-OUT_OF_ORDER-R060,SINGLE,OUT_OF_ORDER,CONFIRMATORY_PRIMARY,UNGATED_EXECUTE_ADMISSIBLE,SAFE_PRUNING,PERMISSIVE_GATED
286,NH2-SINGLE-OVERLAP-R046,SINGLE,OVERLAP,CONFIRMATORY_PRIMARY,SAFE_PRUNING,UNGATED_EXECUTE_ADMISSIBLE,PERMISSIVE_GATED
287,NH2-SINGLE-OVERLAP-R047,SINGLE,OVERLAP,CONFIRMATORY_PRIMARY,SAFE_PRUNING,PERMISSIVE_GATED,UNGATED_EXECUTE_ADMISSIBLE
288,NH2-SINGLE-OVERLAP-R048,SINGLE,OVERLAP,CONFIRMATORY_PRIMARY,PERMISSIVE_GATED,UNGATED_EXECUTE_ADMISSIBLE,SAFE_PRUNING
289,NH2-SINGLE-OVERLAP-R049,SINGLE,OVERLAP,CONFIRMATORY_PRIMARY,PERMISSIVE_GATED,SAFE_PRUNING,UNGATED_EXECUTE_ADMISSIBLE
290,NH2-SINGLE-OVERLAP-R050,SINGLE,OVERLAP,CONFIRMATORY_PRIMARY,SAFE_PRUNING,PERMISSIVE_GATED,UNGATED_EXECUTE_ADMISSIBLE
291,NH2-SINGLE-OVERLAP-R051,SINGLE,OVERLAP,CONFIRMATORY_PRIMARY,PERMISSIVE_GATED,UNGATED_EXECUTE_ADMISSIBLE,SAFE_PRUNING
292,NH2-SINGLE-OVERLAP-R052,SINGLE,OVERLAP,CONFIRMATORY_PRIMARY,UNGATED_EXECUTE_ADMISSIBLE,PERMISSIVE_GATED,SAFE_PRUNING
293,NH2-SINGLE-OVERLAP-R053,SINGLE,OVERLAP,CONFIRMATORY_PRIMARY,SAFE_PRUNING,UNGATED_EXECUTE_ADMISSIBLE,PERMISSIVE_GATED
294,NH2-SINGLE-OVERLAP-R054,SINGLE,OVERLAP,CONFIRMATORY_PRIMARY,UNGATED_EXECUTE_ADMISSIBLE,SAFE_PRUNING,PERMISSIVE_GATED
295,NH2-SINGLE-OVERLAP-R055,SINGLE,OVERLAP,CONFIRMATORY_PRIMARY,SAFE_PRUNING,PERMISSIVE_GATED,UNGATED_EXECUTE_ADMISSIBLE
296,NH2-SINGLE-OVERLAP-R056,SINGLE,OVERLAP,CONFIRMATORY_PRIMARY,UNGATED_EXECUTE_ADMISSIBLE,PERMISSIVE_GATED,SAFE_PRUNING
297,NH2-SINGLE-OVERLAP-R057,SINGLE,OVERLAP,CONFIRMATORY_PRIMARY,UNGATED_EXECUTE_ADMISSIBLE,SAFE_PRUNING,PERMISSIVE_GATED
298,NH2-SINGLE-OVERLAP-R058,SINGLE,OVERLAP,CONFIRMATORY_PRIMARY,PERMISSIVE_GATED,UNGATED_EXECUTE_ADMISSIBLE,SAFE_PRUNING
299,NH2-SINGLE-OVERLAP-R059,SINGLE,OVERLAP,CONFIRMATORY_PRIMARY,SAFE_PRUNING,UNGATED_EXECUTE_ADMISSIBLE,PERMISSIVE_GATED
300,NH2-SINGLE-OVERLAP-R060,SINGLE,OVERLAP,CONFIRMATORY_PRIMARY,PERMISSIVE_GATED,SAFE_PRUNING,UNGATED_EXECUTE_ADMISSIBLE
